-- phpMyAdmin SQL Dump
-- version 5.2.0
-- https://www.phpmyadmin.net/
--
-- Servidor: 127.0.0.1
-- Tiempo de generación: 03-07-2022 a las 05:01:07
-- Versión del servidor: 10.4.24-MariaDB
-- Versión de PHP: 8.1.6

SET SQL_MODE = "NO_AUTO_VALUE_ON_ZERO";
START TRANSACTION;
SET time_zone = "+00:00";


/*!40101 SET @OLD_CHARACTER_SET_CLIENT=@@CHARACTER_SET_CLIENT */;
/*!40101 SET @OLD_CHARACTER_SET_RESULTS=@@CHARACTER_SET_RESULTS */;
/*!40101 SET @OLD_COLLATION_CONNECTION=@@COLLATION_CONNECTION */;
/*!40101 SET NAMES utf8mb4 */;

--
-- Base de datos: `futura`
--

-- --------------------------------------------------------

--
-- Estructura de tabla para la tabla `academic_levels`
--

CREATE TABLE `academic_levels` (
  `id` bigint(20) UNSIGNED NOT NULL,
  `name` varchar(255) COLLATE utf8mb4_unicode_ci NOT NULL,
  `created_at` timestamp NULL DEFAULT NULL,
  `updated_at` timestamp NULL DEFAULT NULL
) ENGINE=InnoDB DEFAULT CHARSET=utf8mb4 COLLATE=utf8mb4_unicode_ci;

--
-- Volcado de datos para la tabla `academic_levels`
--

INSERT INTO `academic_levels` (`id`, `name`, `created_at`, `updated_at`) VALUES
(11, 'Pregrado', NULL, NULL),
(12, 'Posgrado', NULL, NULL);

-- --------------------------------------------------------

--
-- Estructura de tabla para la tabla `academic_programs`
--

CREATE TABLE `academic_programs` (
  `id` bigint(20) UNSIGNED NOT NULL,
  `name` longtext COLLATE utf8mb4_unicode_ci NOT NULL,
  `snies_code` varchar(255) COLLATE utf8mb4_unicode_ci NOT NULL,
  `acreditado` tinyint(1) NOT NULL,
  `credits` int(11) NOT NULL,
  `numero_duracion` int(11) NOT NULL,
  `periodo_duracion` varchar(255) COLLATE utf8mb4_unicode_ci NOT NULL,
  `jornada` varchar(255) COLLATE utf8mb4_unicode_ci NOT NULL,
  `precio` varchar(255) COLLATE utf8mb4_unicode_ci NOT NULL,
  `university_id` bigint(20) UNSIGNED NOT NULL,
  `basic_core_id` bigint(20) UNSIGNED NOT NULL,
  `academic_level_id` bigint(20) UNSIGNED NOT NULL,
  `modality_id` bigint(20) UNSIGNED NOT NULL,
  `education_level_id` bigint(20) UNSIGNED NOT NULL,
  `created_at` timestamp NULL DEFAULT NULL,
  `updated_at` timestamp NULL DEFAULT NULL
) ENGINE=InnoDB DEFAULT CHARSET=utf8mb4 COLLATE=utf8mb4_unicode_ci;

--
-- Volcado de datos para la tabla `academic_programs`
--

INSERT INTO `academic_programs` (`id`, `name`, `snies_code`, `acreditado`, `credits`, `numero_duracion`, `periodo_duracion`, `jornada`, `precio`, `university_id`, `basic_core_id`, `academic_level_id`, `modality_id`, `education_level_id`, `created_at`, `updated_at`) VALUES
(6, 'Enfermería', '1706', 0, 168, 9, 'Semestral', 'Diurno', 'Según estrato', 1, 17, 11, 10, 12, NULL, NULL),
(7, 'Enfermería', '1706', 0, 168, 9, 'Semestral', 'Diurno', 'Según estrato', 1, 17, 11, 10, 12, NULL, NULL),
(8, 'Enfermería', '1706', 0, 168, 9, 'Semestral', 'Diurno', 'Según estrato', 3, 17, 11, 10, 12, NULL, NULL);

-- --------------------------------------------------------

--
-- Estructura de tabla para la tabla `academies`
--

CREATE TABLE `academies` (
  `id` bigint(20) UNSIGNED NOT NULL,
  `plan_estudio` double NOT NULL,
  `recursos_academicos` double NOT NULL,
  `tecnologia` double NOT NULL,
  `tamano_grupos` double NOT NULL,
  `excelencia_profesores` double NOT NULL,
  `academic_program_id` bigint(20) UNSIGNED NOT NULL,
  `created_at` timestamp NULL DEFAULT NULL,
  `updated_at` timestamp NULL DEFAULT NULL
) ENGINE=InnoDB DEFAULT CHARSET=utf8mb4 COLLATE=utf8mb4_unicode_ci;

--
-- Volcado de datos para la tabla `academies`
--

INSERT INTO `academies` (`id`, `plan_estudio`, `recursos_academicos`, `tecnologia`, `tamano_grupos`, `excelencia_profesores`, `academic_program_id`, `created_at`, `updated_at`) VALUES
(1, 99, 100, 85, 95, 100, 6, NULL, NULL),
(2, 99, 100, 85, 80, 100, 7, NULL, NULL),
(3, 99, 100, 100, 80, 100, 8, NULL, NULL);

-- --------------------------------------------------------

--
-- Estructura de tabla para la tabla `agreements`
--

CREATE TABLE `agreements` (
  `id` bigint(20) UNSIGNED NOT NULL,
  `name` varchar(255) COLLATE utf8mb4_unicode_ci NOT NULL,
  `duracion` int(11) NOT NULL,
  `representante` varchar(255) COLLATE utf8mb4_unicode_ci NOT NULL,
  `university_id` bigint(20) UNSIGNED NOT NULL,
  `tasa_interes` int(11) NOT NULL,
  `tasa_descuento` int(11) NOT NULL,
  `created_at` timestamp NULL DEFAULT NULL,
  `updated_at` timestamp NULL DEFAULT NULL
) ENGINE=InnoDB DEFAULT CHARSET=utf8mb4 COLLATE=utf8mb4_unicode_ci;

--
-- Volcado de datos para la tabla `agreements`
--

INSERT INTO `agreements` (`id`, `name`, `duracion`, `representante`, `university_id`, `tasa_interes`, `tasa_descuento`, `created_at`, `updated_at`) VALUES
(11, 'Convenio de prueba 1', 24, 'Yordanis Cabreja Nuñez', 1, 5, 15, '2022-06-30 03:27:57', '2022-06-30 03:27:57'),
(12, 'Convenio de prueba 2', 6, 'Jhon Doe', 2, 0, 0, '2022-06-30 03:28:47', '2022-06-30 03:28:47'),
(13, 'Convenio de prueba 3', 18, 'Abraham Doe Doe', 3, 5, 5, '2022-06-30 03:29:16', '2022-06-30 03:29:16');

-- --------------------------------------------------------

--
-- Estructura de tabla para la tabla `basic_cores`
--

CREATE TABLE `basic_cores` (
  `id` bigint(20) UNSIGNED NOT NULL,
  `name` longtext COLLATE utf8mb4_unicode_ci NOT NULL,
  `knowledge_area_id` bigint(20) UNSIGNED NOT NULL,
  `created_at` timestamp NULL DEFAULT NULL,
  `updated_at` timestamp NULL DEFAULT NULL
) ENGINE=InnoDB DEFAULT CHARSET=utf8mb4 COLLATE=utf8mb4_unicode_ci;

--
-- Volcado de datos para la tabla `basic_cores`
--

INSERT INTO `basic_cores` (`id`, `name`, `knowledge_area_id`, `created_at`, `updated_at`) VALUES
(6, 'Agronomía', 6, '2022-06-16 15:53:51', '2022-06-16 15:53:51'),
(7, 'Medicina Venterinaria', 6, '2022-06-16 15:54:10', '2022-06-16 15:54:10'),
(8, 'Zootecnia', 6, '2022-06-16 15:54:20', '2022-06-16 15:54:20'),
(9, 'Artes plásticas visuales y afines', 7, '2022-06-16 15:54:51', '2022-06-16 15:54:51'),
(10, 'Artes representativas', 7, '2022-06-16 15:55:06', '2022-06-16 15:55:06'),
(11, 'Otros programas asociados a bellas artes', 7, '2022-06-16 15:55:25', '2022-06-16 15:55:25'),
(12, 'Diseño', 7, '2022-06-16 15:55:32', '2022-06-16 15:55:32'),
(13, 'Música', 7, '2022-06-16 15:55:41', '2022-06-16 15:55:41'),
(14, 'Publicidad y afines', 7, '2022-06-16 15:55:55', '2022-06-16 15:55:55'),
(15, 'Educación', 8, '2022-06-16 15:56:21', '2022-06-16 15:56:21'),
(16, 'Bacteriología', 9, '2022-06-16 15:56:44', '2022-06-16 15:56:44'),
(17, 'Enfermería', 9, '2022-06-16 15:56:53', '2022-06-16 15:56:53'),
(18, 'Instrumentación quirúrgica', 9, '2022-06-16 15:57:15', '2022-06-16 15:57:15'),
(19, 'Medicina', 9, '2022-06-16 15:57:28', '2022-06-16 15:57:28'),
(20, 'Nutrición y dietética', 9, '2022-06-16 15:57:40', '2022-06-16 15:57:40'),
(21, 'Odontología', 9, '2022-06-16 15:57:53', '2022-06-16 15:57:53'),
(22, 'Optometría, otros programas de ciencias de la salud', 9, '2022-06-16 15:58:13', '2022-06-16 15:58:13'),
(23, 'Salud Pública', 9, '2022-06-16 15:58:28', '2022-06-16 15:58:28'),
(24, 'Terapias', 9, '2022-06-16 15:58:36', '2022-06-16 15:58:36'),
(25, 'Antropología y artes liberales', 10, '2022-06-16 15:59:08', '2022-06-16 15:59:08'),
(26, 'Bibliotecología otros de ciencias sociales y humanas', 10, '2022-06-16 15:59:25', '2022-06-16 15:59:25'),
(27, 'Ciencia política, relaciones internacionales', 10, '2022-06-16 15:59:44', '2022-06-16 15:59:44'),
(28, 'Comunicación social, periodismo y afines', 10, '2022-06-16 16:00:01', '2022-06-16 16:00:01'),
(29, 'Deportes, educación física y recreación', 10, '2022-06-16 16:00:18', '2022-06-16 16:00:18'),
(30, 'Derecho y afines', 10, '2022-06-16 16:00:33', '2022-06-16 16:00:33'),
(31, 'Filosofía, teología y afines', 10, '2022-06-16 16:00:51', '2022-06-16 16:00:51'),
(32, 'Formación relacionada con el campo militar o policial', 10, '2022-06-16 16:01:06', '2022-06-16 16:01:06'),
(33, 'Geografía, historia', 10, '2022-06-16 16:01:25', '2022-06-16 16:01:25'),
(34, 'Lenguas modernas, literatura, linguística y afines', 10, '2022-06-16 16:01:47', '2022-06-16 16:01:47'),
(35, 'Psicología', 10, '2022-06-16 16:02:05', '2022-06-16 16:02:05'),
(36, 'Sociología, trabajo social y afines', 10, '2022-06-16 16:02:20', '2022-06-16 16:02:20'),
(37, 'Administración', 11, '2022-06-16 16:02:46', '2022-06-16 16:02:46'),
(38, 'Contaduría pública', 11, '2022-06-16 16:02:59', '2022-06-16 16:02:59'),
(39, 'Economía', 11, '2022-06-16 16:03:12', '2022-06-16 16:03:12'),
(40, 'Biología microbiología y afines', 13, '2022-06-16 16:03:55', '2022-06-16 16:03:55'),
(41, 'Geología, otros programas de ciencias naturales', 13, '2022-06-16 16:04:18', '2022-06-16 16:04:18'),
(42, 'Matemáticas, estadística y afines', 13, '2022-06-16 16:04:33', '2022-06-16 16:04:33'),
(43, 'Química y afines', 13, '2022-06-16 16:04:48', '2022-06-16 16:04:48'),
(44, 'Física', 13, '2022-06-16 16:04:54', '2022-06-16 16:04:54'),
(45, 'Sin clasificar', 14, '2022-06-16 16:05:23', '2022-06-16 16:05:23'),
(46, 'Arquitectura', 12, '2022-06-16 16:05:44', '2022-06-16 16:05:44'),
(47, 'Ingeniería administrativa y afines', 12, '2022-06-16 16:06:03', '2022-06-16 16:06:03'),
(48, 'Ingeniería agrícola forestal y afines', 12, '2022-06-16 16:06:18', '2022-06-16 16:06:18'),
(49, 'Ingeniería agroindustrial, alimentos y afines', 12, '2022-06-16 16:06:33', '2022-06-16 16:06:33'),
(50, 'Ingeniería agronómica pecuaria y afines', 12, '2022-06-16 16:06:57', '2022-06-16 16:06:57'),
(51, 'Ingeniería ambiental sanitaria y afines', 12, '2022-06-16 16:07:12', '2022-06-16 16:07:12'),
(52, 'Ingeniería biomédica y afines', 12, '2022-06-16 16:07:26', '2022-06-16 16:07:26'),
(53, 'Ingeniería civil y afines', 12, '2022-06-16 16:07:41', '2022-06-16 16:07:41'),
(54, 'Ingeniería de minas, metalurgia y afines', 12, '2022-06-16 16:07:59', '2022-06-16 16:07:59'),
(55, 'Ingeniería de sistemas, telemática y afines', 12, '2022-06-16 16:08:16', '2022-06-16 16:08:16'),
(56, 'Ingeniería Eléctrica y afines', 12, '2022-06-16 16:08:32', '2022-06-16 16:08:32'),
(57, 'Ingeniería Electrónica, telecomunicaciones y afines', 12, '2022-06-16 16:08:50', '2022-06-16 16:08:50'),
(58, 'Ingeniería industrial y afines', 12, '2022-06-16 16:09:06', '2022-06-16 16:09:06'),
(59, 'Ingeniería mecánica y afines', 12, '2022-06-16 16:09:20', '2022-06-16 16:09:20'),
(60, 'Ingeniería química y afines', 12, '2022-06-16 16:09:36', '2022-06-16 16:09:36'),
(61, 'Otras ingenierías', 12, '2022-06-16 16:09:52', '2022-06-16 16:09:52');

-- --------------------------------------------------------

--
-- Estructura de tabla para la tabla `becas`
--

CREATE TABLE `becas` (
  `id` bigint(20) UNSIGNED NOT NULL,
  `name` varchar(255) COLLATE utf8mb4_unicode_ci NOT NULL,
  `academic_program_id` bigint(20) UNSIGNED NOT NULL,
  `created_at` timestamp NULL DEFAULT NULL,
  `updated_at` timestamp NULL DEFAULT NULL
) ENGINE=InnoDB DEFAULT CHARSET=utf8mb4 COLLATE=utf8mb4_unicode_ci;

--
-- Volcado de datos para la tabla `becas`
--

INSERT INTO `becas` (`id`, `name`, `academic_program_id`, `created_at`, `updated_at`) VALUES
(16, 'Beca Futura', 6, '2022-06-30 07:33:22', '2022-06-30 07:33:22'),
(17, 'Beca de prueba 7', 2, '2022-06-30 07:33:42', '2022-06-30 07:33:42'),
(18, 'Beca de prueba 7', 3, '2022-06-30 07:34:04', '2022-06-30 07:34:04');

-- --------------------------------------------------------

--
-- Estructura de tabla para la tabla `benefits`
--

CREATE TABLE `benefits` (
  `id` bigint(20) UNSIGNED NOT NULL,
  `name` varchar(255) COLLATE utf8mb4_unicode_ci NOT NULL,
  `beca_id` bigint(20) UNSIGNED NOT NULL,
  `created_at` timestamp NULL DEFAULT NULL,
  `updated_at` timestamp NULL DEFAULT NULL
) ENGINE=InnoDB DEFAULT CHARSET=utf8mb4 COLLATE=utf8mb4_unicode_ci;

--
-- Volcado de datos para la tabla `benefits`
--

INSERT INTO `benefits` (`id`, `name`, `beca_id`, `created_at`, `updated_at`) VALUES
(6, 'Beneficio FUTURa 1', 16, NULL, NULL),
(7, 'Beneficio FUTURA 2', 16, NULL, NULL),
(8, 'Beneficio 3. Beca 1', 17, NULL, NULL),
(9, 'Beneficio 4. Beca prueba 2', 18, NULL, NULL);

-- --------------------------------------------------------

--
-- Estructura de tabla para la tabla `bonds`
--

CREATE TABLE `bonds` (
  `id` bigint(20) UNSIGNED NOT NULL,
  `name` varchar(255) COLLATE utf8mb4_unicode_ci NOT NULL,
  `academic_program_id` bigint(20) UNSIGNED NOT NULL,
  `created_at` timestamp NULL DEFAULT NULL,
  `updated_at` timestamp NULL DEFAULT NULL
) ENGINE=InnoDB DEFAULT CHARSET=utf8mb4 COLLATE=utf8mb4_unicode_ci;

--
-- Volcado de datos para la tabla `bonds`
--

INSERT INTO `bonds` (`id`, `name`, `academic_program_id`, `created_at`, `updated_at`) VALUES
(6, 'Bono Spotify', 6, '2022-06-30 07:34:43', '2022-06-30 07:34:43'),
(7, 'Bono Netflix', 7, '2022-06-30 07:34:55', '2022-06-30 07:35:03'),
(8, 'Bono Spotify', 7, '2022-06-30 07:35:20', '2022-06-30 07:35:20'),
(9, 'Bono Netflix', 8, '2022-06-30 07:35:34', '2022-06-30 07:35:34');

-- --------------------------------------------------------

--
-- Estructura de tabla para la tabla `campuses`
--

CREATE TABLE `campuses` (
  `id` bigint(20) UNSIGNED NOT NULL,
  `conectividad` double NOT NULL,
  `salones` double NOT NULL,
  `laboratorios` double NOT NULL,
  `cafeterias_restaurantes` double NOT NULL,
  `espacios_comunes` double NOT NULL,
  `academic_program_id` bigint(20) UNSIGNED NOT NULL,
  `created_at` timestamp NULL DEFAULT NULL,
  `updated_at` timestamp NULL DEFAULT NULL
) ENGINE=InnoDB DEFAULT CHARSET=utf8mb4 COLLATE=utf8mb4_unicode_ci;

--
-- Volcado de datos para la tabla `campuses`
--

INSERT INTO `campuses` (`id`, `conectividad`, `salones`, `laboratorios`, `cafeterias_restaurantes`, `espacios_comunes`, `academic_program_id`, `created_at`, `updated_at`) VALUES
(6, 100, 98, 100, 97, 100, 6, NULL, NULL),
(7, 100, 100, 100, 85, 95, 7, NULL, NULL),
(8, 100, 80, 75, 85, 100, 8, NULL, NULL);

-- --------------------------------------------------------

--
-- Estructura de tabla para la tabla `cities`
--

CREATE TABLE `cities` (
  `id` bigint(20) UNSIGNED NOT NULL,
  `name` longtext COLLATE utf8mb4_unicode_ci NOT NULL,
  `department_id` bigint(20) UNSIGNED NOT NULL,
  `created_at` timestamp NULL DEFAULT NULL,
  `updated_at` timestamp NULL DEFAULT NULL
) ENGINE=InnoDB DEFAULT CHARSET=utf8mb4 COLLATE=utf8mb4_unicode_ci;

--
-- Volcado de datos para la tabla `cities`
--

INSERT INTO `cities` (`id`, `name`, `department_id`, `created_at`, `updated_at`) VALUES
(1, 'Abriaquí', 5, '2022-06-16 15:24:55', '2022-06-16 15:24:55'),
(2, 'Acacías', 50, '2022-06-16 15:24:55', '2022-06-16 15:24:55'),
(3, 'Acandí', 27, '2022-06-16 15:24:55', '2022-06-16 15:24:55'),
(4, 'Acevedo', 41, '2022-06-16 15:24:55', '2022-06-16 15:24:55'),
(5, 'Achí', 13, '2022-06-16 15:24:55', '2022-06-16 15:24:55'),
(6, 'Agrado', 41, '2022-06-16 15:24:55', '2022-06-16 15:24:55'),
(7, 'Agua de Dios', 25, '2022-06-16 15:24:55', '2022-06-16 15:24:55'),
(8, 'Aguachica', 20, '2022-06-16 15:24:55', '2022-06-16 15:24:55'),
(9, 'Aguada', 68, '2022-06-16 15:24:55', '2022-06-16 15:24:55'),
(10, 'Aguadas', 17, '2022-06-16 15:24:55', '2022-06-16 15:24:55'),
(11, 'Aguazul', 85, '2022-06-16 15:24:55', '2022-06-16 15:24:55'),
(12, 'Agustín Codazzi', 20, '2022-06-16 15:24:55', '2022-06-16 15:24:55'),
(13, 'Aipe', 41, '2022-06-16 15:24:55', '2022-06-16 15:24:55'),
(14, 'Albania', 18, '2022-06-16 15:24:55', '2022-06-16 15:24:55'),
(15, 'Albania', 44, '2022-06-16 15:24:55', '2022-06-16 15:24:55'),
(16, 'Albania', 68, '2022-06-16 15:24:55', '2022-06-16 15:24:55'),
(17, 'Albán', 25, '2022-06-16 15:24:55', '2022-06-16 15:24:55'),
(18, 'Albán (San José)', 52, '2022-06-16 15:24:55', '2022-06-16 15:24:55'),
(19, 'Alcalá', 76, '2022-06-16 15:24:55', '2022-06-16 15:24:55'),
(20, 'Alejandria', 5, '2022-06-16 15:24:55', '2022-06-16 15:24:55'),
(21, 'Algarrobo', 47, '2022-06-16 15:24:55', '2022-06-16 15:24:55'),
(22, 'Algeciras', 41, '2022-06-16 15:24:55', '2022-06-16 15:24:55'),
(23, 'Almaguer', 19, '2022-06-16 15:24:55', '2022-06-16 15:24:55'),
(24, 'Almeida', 15, '2022-06-16 15:24:55', '2022-06-16 15:24:55'),
(25, 'Alpujarra', 73, '2022-06-16 15:24:55', '2022-06-16 15:24:55'),
(26, 'Altamira', 41, '2022-06-16 15:24:55', '2022-06-16 15:24:55'),
(27, 'Alto Baudó (Pie de Pato)', 27, '2022-06-16 15:24:55', '2022-06-16 15:24:55'),
(28, 'Altos del Rosario', 13, '2022-06-16 15:24:55', '2022-06-16 15:24:55'),
(29, 'Alvarado', 73, '2022-06-16 15:24:55', '2022-06-16 15:24:55'),
(30, 'Amagá', 5, '2022-06-16 15:24:55', '2022-06-16 15:24:55'),
(31, 'Amalfi', 5, '2022-06-16 15:24:55', '2022-06-16 15:24:55'),
(32, 'Ambalema', 73, '2022-06-16 15:24:55', '2022-06-16 15:24:55'),
(33, 'Anapoima', 25, '2022-06-16 15:24:55', '2022-06-16 15:24:55'),
(34, 'Ancuya', 52, '2022-06-16 15:24:55', '2022-06-16 15:24:55'),
(35, 'Andalucía', 76, '2022-06-16 15:24:55', '2022-06-16 15:24:55'),
(36, 'Andes', 5, '2022-06-16 15:24:55', '2022-06-16 15:24:55'),
(37, 'Angelópolis', 5, '2022-06-16 15:24:55', '2022-06-16 15:24:55'),
(38, 'Angostura', 5, '2022-06-16 15:24:55', '2022-06-16 15:24:55'),
(39, 'Anolaima', 25, '2022-06-16 15:24:55', '2022-06-16 15:24:55'),
(40, 'Anorí', 5, '2022-06-16 15:24:55', '2022-06-16 15:24:55'),
(41, 'Anserma', 17, '2022-06-16 15:24:55', '2022-06-16 15:24:55'),
(42, 'Ansermanuevo', 76, '2022-06-16 15:24:55', '2022-06-16 15:24:55'),
(43, 'Anzoátegui', 73, '2022-06-16 15:24:55', '2022-06-16 15:24:55'),
(44, 'Anzá', 5, '2022-06-16 15:24:55', '2022-06-16 15:24:55'),
(45, 'Apartadó', 5, '2022-06-16 15:24:55', '2022-06-16 15:24:55'),
(46, 'Apulo', 25, '2022-06-16 15:24:55', '2022-06-16 15:24:55'),
(47, 'Apía', 66, '2022-06-16 15:24:55', '2022-06-16 15:24:55'),
(48, 'Aquitania', 15, '2022-06-16 15:24:55', '2022-06-16 15:24:55'),
(49, 'Aracataca', 47, '2022-06-16 15:24:55', '2022-06-16 15:24:55'),
(50, 'Aranzazu', 17, '2022-06-16 15:24:55', '2022-06-16 15:24:55'),
(51, 'Aratoca', 68, '2022-06-16 15:24:55', '2022-06-16 15:24:55'),
(52, 'Arauca', 81, '2022-06-16 15:24:55', '2022-06-16 15:24:55'),
(53, 'Arauquita', 81, '2022-06-16 15:24:55', '2022-06-16 15:24:55'),
(54, 'Arbeláez', 25, '2022-06-16 15:24:55', '2022-06-16 15:24:55'),
(55, 'Arboleda (Berruecos)', 52, '2022-06-16 15:24:55', '2022-06-16 15:24:55'),
(56, 'Arboledas', 54, '2022-06-16 15:24:55', '2022-06-16 15:24:55'),
(57, 'Arboletes', 5, '2022-06-16 15:24:55', '2022-06-16 15:24:55'),
(58, 'Arcabuco', 15, '2022-06-16 15:24:55', '2022-06-16 15:24:55'),
(59, 'Arenal', 13, '2022-06-16 15:24:55', '2022-06-16 15:24:55'),
(60, 'Argelia', 5, '2022-06-16 15:24:55', '2022-06-16 15:24:55'),
(61, 'Argelia', 19, '2022-06-16 15:24:55', '2022-06-16 15:24:55'),
(62, 'Argelia', 76, '2022-06-16 15:24:55', '2022-06-16 15:24:55'),
(63, 'Ariguaní (El Difícil)', 47, '2022-06-16 15:24:55', '2022-06-16 15:24:55'),
(64, 'Arjona', 13, '2022-06-16 15:24:55', '2022-06-16 15:24:55'),
(65, 'Armenia', 5, '2022-06-16 15:24:55', '2022-06-16 15:24:55'),
(66, 'Armenia', 63, '2022-06-16 15:24:55', '2022-06-16 15:24:55'),
(67, 'Armero (Guayabal)', 73, '2022-06-16 15:24:55', '2022-06-16 15:24:55'),
(68, 'Arroyohondo', 13, '2022-06-16 15:24:55', '2022-06-16 15:24:55'),
(69, 'Astrea', 20, '2022-06-16 15:24:55', '2022-06-16 15:24:55'),
(70, 'Ataco', 73, '2022-06-16 15:24:55', '2022-06-16 15:24:55'),
(71, 'Atrato (Yuto)', 27, '2022-06-16 15:24:55', '2022-06-16 15:24:55'),
(72, 'Ayapel', 23, '2022-06-16 15:24:55', '2022-06-16 15:24:55'),
(73, 'Bagadó', 27, '2022-06-16 15:24:55', '2022-06-16 15:24:55'),
(74, 'Bahía Solano (Mútis)', 27, '2022-06-16 15:24:55', '2022-06-16 15:24:55'),
(75, 'Bajo Baudó (Pizarro)', 27, '2022-06-16 15:24:55', '2022-06-16 15:24:55'),
(76, 'Balboa', 19, '2022-06-16 15:24:55', '2022-06-16 15:24:55'),
(77, 'Balboa', 66, '2022-06-16 15:24:55', '2022-06-16 15:24:55'),
(78, 'Baranoa', 8, '2022-06-16 15:24:55', '2022-06-16 15:24:55'),
(79, 'Baraya', 41, '2022-06-16 15:24:55', '2022-06-16 15:24:55'),
(80, 'Barbacoas', 52, '2022-06-16 15:24:55', '2022-06-16 15:24:55'),
(81, 'Barbosa', 5, '2022-06-16 15:24:55', '2022-06-16 15:24:55'),
(82, 'Barbosa', 68, '2022-06-16 15:24:55', '2022-06-16 15:24:55'),
(83, 'Barichara', 68, '2022-06-16 15:24:55', '2022-06-16 15:24:55'),
(84, 'Barranca de Upía', 50, '2022-06-16 15:24:55', '2022-06-16 15:24:55'),
(85, 'Barrancabermeja', 68, '2022-06-16 15:24:55', '2022-06-16 15:24:55'),
(86, 'Barrancas', 44, '2022-06-16 15:24:55', '2022-06-16 15:24:55'),
(87, 'Barranco de Loba', 13, '2022-06-16 15:24:55', '2022-06-16 15:24:55'),
(88, 'Barranquilla', 8, '2022-06-16 15:24:55', '2022-06-16 15:24:55'),
(89, 'Becerríl', 20, '2022-06-16 15:24:55', '2022-06-16 15:24:55'),
(90, 'Belalcázar', 17, '2022-06-16 15:24:55', '2022-06-16 15:24:55'),
(91, 'Bello', 5, '2022-06-16 15:24:55', '2022-06-16 15:24:55'),
(92, 'Belmira', 5, '2022-06-16 15:24:55', '2022-06-16 15:24:55'),
(93, 'Beltrán', 25, '2022-06-16 15:24:55', '2022-06-16 15:24:55'),
(94, 'Belén', 15, '2022-06-16 15:24:55', '2022-06-16 15:24:55'),
(95, 'Belén', 52, '2022-06-16 15:24:55', '2022-06-16 15:24:55'),
(96, 'Belén de Bajirá', 27, '2022-06-16 15:24:55', '2022-06-16 15:24:55'),
(97, 'Belén de Umbría', 66, '2022-06-16 15:24:55', '2022-06-16 15:24:55'),
(98, 'Belén de los Andaquíes', 18, '2022-06-16 15:24:55', '2022-06-16 15:24:55'),
(99, 'Berbeo', 15, '2022-06-16 15:24:55', '2022-06-16 15:24:55'),
(100, 'Betania', 5, '2022-06-16 15:24:55', '2022-06-16 15:24:55'),
(101, 'Beteitiva', 15, '2022-06-16 15:24:55', '2022-06-16 15:24:55'),
(102, 'Betulia', 5, '2022-06-16 15:24:55', '2022-06-16 15:24:55'),
(103, 'Betulia', 68, '2022-06-16 15:24:55', '2022-06-16 15:24:55'),
(104, 'Bituima', 25, '2022-06-16 15:24:55', '2022-06-16 15:24:55'),
(105, 'Boavita', 15, '2022-06-16 15:24:55', '2022-06-16 15:24:55'),
(106, 'Bochalema', 54, '2022-06-16 15:24:55', '2022-06-16 15:24:55'),
(107, 'Bogotá D.C.', 11, '2022-06-16 15:24:55', '2022-06-16 15:24:55'),
(108, 'Bojacá', 25, '2022-06-16 15:24:55', '2022-06-16 15:24:55'),
(109, 'Bojayá (Bellavista)', 27, '2022-06-16 15:24:55', '2022-06-16 15:24:55'),
(110, 'Bolívar', 5, '2022-06-16 15:24:55', '2022-06-16 15:24:55'),
(111, 'Bolívar', 19, '2022-06-16 15:24:55', '2022-06-16 15:24:55'),
(112, 'Bolívar', 68, '2022-06-16 15:24:55', '2022-06-16 15:24:55'),
(113, 'Bolívar', 76, '2022-06-16 15:24:55', '2022-06-16 15:24:55'),
(114, 'Bosconia', 20, '2022-06-16 15:24:55', '2022-06-16 15:24:55'),
(115, 'Boyacá', 15, '2022-06-16 15:24:55', '2022-06-16 15:24:55'),
(116, 'Briceño', 5, '2022-06-16 15:24:55', '2022-06-16 15:24:55'),
(117, 'Briceño', 15, '2022-06-16 15:24:55', '2022-06-16 15:24:55'),
(118, 'Bucaramanga', 68, '2022-06-16 15:24:55', '2022-06-16 15:24:55'),
(119, 'Bucarasica', 54, '2022-06-16 15:24:55', '2022-06-16 15:24:55'),
(120, 'Buenaventura', 76, '2022-06-16 15:24:55', '2022-06-16 15:24:55'),
(121, 'Buenavista', 15, '2022-06-16 15:24:55', '2022-06-16 15:24:55'),
(122, 'Buenavista', 23, '2022-06-16 15:24:55', '2022-06-16 15:24:55'),
(123, 'Buenavista', 63, '2022-06-16 15:24:55', '2022-06-16 15:24:55'),
(124, 'Buenavista', 70, '2022-06-16 15:24:55', '2022-06-16 15:24:55'),
(125, 'Buenos Aires', 19, '2022-06-16 15:24:55', '2022-06-16 15:24:55'),
(126, 'Buesaco', 52, '2022-06-16 15:24:55', '2022-06-16 15:24:55'),
(127, 'Buga', 76, '2022-06-16 15:24:55', '2022-06-16 15:24:55'),
(128, 'Bugalagrande', 76, '2022-06-16 15:24:55', '2022-06-16 15:24:55'),
(129, 'Burítica', 5, '2022-06-16 15:24:55', '2022-06-16 15:24:55'),
(130, 'Busbanza', 15, '2022-06-16 15:24:55', '2022-06-16 15:24:55'),
(131, 'Cabrera', 25, '2022-06-16 15:24:55', '2022-06-16 15:24:55'),
(132, 'Cabrera', 68, '2022-06-16 15:24:55', '2022-06-16 15:24:55'),
(133, 'Cabuyaro', 50, '2022-06-16 15:24:55', '2022-06-16 15:24:55'),
(134, 'Cachipay', 25, '2022-06-16 15:24:55', '2022-06-16 15:24:55'),
(135, 'Caicedo', 5, '2022-06-16 15:24:55', '2022-06-16 15:24:55'),
(136, 'Caicedonia', 76, '2022-06-16 15:24:55', '2022-06-16 15:24:55'),
(137, 'Caimito', 70, '2022-06-16 15:24:55', '2022-06-16 15:24:55'),
(138, 'Cajamarca', 73, '2022-06-16 15:24:55', '2022-06-16 15:24:55'),
(139, 'Cajibío', 19, '2022-06-16 15:24:55', '2022-06-16 15:24:55'),
(140, 'Cajicá', 25, '2022-06-16 15:24:55', '2022-06-16 15:24:55'),
(141, 'Calamar', 13, '2022-06-16 15:24:55', '2022-06-16 15:24:55'),
(142, 'Calamar', 95, '2022-06-16 15:24:55', '2022-06-16 15:24:55'),
(143, 'Calarcá', 63, '2022-06-16 15:24:55', '2022-06-16 15:24:55'),
(144, 'Caldas', 5, '2022-06-16 15:24:55', '2022-06-16 15:24:55'),
(145, 'Caldas', 15, '2022-06-16 15:24:55', '2022-06-16 15:24:55'),
(146, 'Caldono', 19, '2022-06-16 15:24:55', '2022-06-16 15:24:55'),
(147, 'California', 68, '2022-06-16 15:24:55', '2022-06-16 15:24:55'),
(148, 'Calima (Darién)', 76, '2022-06-16 15:24:55', '2022-06-16 15:24:55'),
(149, 'Caloto', 19, '2022-06-16 15:24:55', '2022-06-16 15:24:55'),
(150, 'Calí', 76, '2022-06-16 15:24:55', '2022-06-16 15:24:55'),
(151, 'Campamento', 5, '2022-06-16 15:24:55', '2022-06-16 15:24:55'),
(152, 'Campo de la Cruz', 8, '2022-06-16 15:24:55', '2022-06-16 15:24:55'),
(153, 'Campoalegre', 41, '2022-06-16 15:24:55', '2022-06-16 15:24:55'),
(154, 'Campohermoso', 15, '2022-06-16 15:24:55', '2022-06-16 15:24:55'),
(155, 'Canalete', 23, '2022-06-16 15:24:55', '2022-06-16 15:24:55'),
(156, 'Candelaria', 8, '2022-06-16 15:24:55', '2022-06-16 15:24:55'),
(157, 'Candelaria', 76, '2022-06-16 15:24:55', '2022-06-16 15:24:55'),
(158, 'Cantagallo', 13, '2022-06-16 15:24:55', '2022-06-16 15:24:55'),
(159, 'Cantón de San Pablo', 27, '2022-06-16 15:24:55', '2022-06-16 15:24:55'),
(160, 'Caparrapí', 25, '2022-06-16 15:24:55', '2022-06-16 15:24:55'),
(161, 'Capitanejo', 68, '2022-06-16 15:24:55', '2022-06-16 15:24:55'),
(162, 'Caracolí', 5, '2022-06-16 15:24:55', '2022-06-16 15:24:55'),
(163, 'Caramanta', 5, '2022-06-16 15:24:55', '2022-06-16 15:24:55'),
(164, 'Carcasí', 68, '2022-06-16 15:24:55', '2022-06-16 15:24:55'),
(165, 'Carepa', 5, '2022-06-16 15:24:55', '2022-06-16 15:24:55'),
(166, 'Carmen de Apicalá', 73, '2022-06-16 15:24:55', '2022-06-16 15:24:55'),
(167, 'Carmen de Carupa', 25, '2022-06-16 15:24:55', '2022-06-16 15:24:55'),
(168, 'Carmen de Viboral', 5, '2022-06-16 15:24:55', '2022-06-16 15:24:55'),
(169, 'Carmen del Darién (CURBARADÓ)', 27, '2022-06-16 15:24:55', '2022-06-16 15:24:55'),
(170, 'Carolina', 5, '2022-06-16 15:24:55', '2022-06-16 15:24:55'),
(171, 'Cartagena', 13, '2022-06-16 15:24:55', '2022-06-16 15:24:55'),
(172, 'Cartagena del Chairá', 18, '2022-06-16 15:24:55', '2022-06-16 15:24:55'),
(173, 'Cartago', 76, '2022-06-16 15:24:55', '2022-06-16 15:24:55'),
(174, 'Carurú', 97, '2022-06-16 15:24:55', '2022-06-16 15:24:55'),
(175, 'Casabianca', 73, '2022-06-16 15:24:55', '2022-06-16 15:24:55'),
(176, 'Castilla la Nueva', 50, '2022-06-16 15:24:55', '2022-06-16 15:24:55'),
(177, 'Caucasia', 5, '2022-06-16 15:24:55', '2022-06-16 15:24:55'),
(178, 'Cañasgordas', 5, '2022-06-16 15:24:55', '2022-06-16 15:24:55'),
(179, 'Cepita', 68, '2022-06-16 15:24:55', '2022-06-16 15:24:55'),
(180, 'Cereté', 23, '2022-06-16 15:24:55', '2022-06-16 15:24:55'),
(181, 'Cerinza', 15, '2022-06-16 15:24:55', '2022-06-16 15:24:55'),
(182, 'Cerrito', 68, '2022-06-16 15:24:55', '2022-06-16 15:24:55'),
(183, 'Cerro San Antonio', 47, '2022-06-16 15:24:55', '2022-06-16 15:24:55'),
(184, 'Chachaguí', 52, '2022-06-16 15:24:55', '2022-06-16 15:24:55'),
(185, 'Chaguaní', 25, '2022-06-16 15:24:55', '2022-06-16 15:24:55'),
(186, 'Chalán', 70, '2022-06-16 15:24:55', '2022-06-16 15:24:55'),
(187, 'Chaparral', 73, '2022-06-16 15:24:55', '2022-06-16 15:24:55'),
(188, 'Charalá', 68, '2022-06-16 15:24:55', '2022-06-16 15:24:55'),
(189, 'Charta', 68, '2022-06-16 15:24:55', '2022-06-16 15:24:55'),
(190, 'Chigorodó', 5, '2022-06-16 15:24:55', '2022-06-16 15:24:55'),
(191, 'Chima', 68, '2022-06-16 15:24:55', '2022-06-16 15:24:55'),
(192, 'Chimichagua', 20, '2022-06-16 15:24:55', '2022-06-16 15:24:55'),
(193, 'Chimá', 23, '2022-06-16 15:24:55', '2022-06-16 15:24:55'),
(194, 'Chinavita', 15, '2022-06-16 15:24:55', '2022-06-16 15:24:55'),
(195, 'Chinchiná', 17, '2022-06-16 15:24:55', '2022-06-16 15:24:55'),
(196, 'Chinácota', 54, '2022-06-16 15:24:55', '2022-06-16 15:24:55'),
(197, 'Chinú', 23, '2022-06-16 15:24:55', '2022-06-16 15:24:55'),
(198, 'Chipaque', 25, '2022-06-16 15:24:55', '2022-06-16 15:24:55'),
(199, 'Chipatá', 68, '2022-06-16 15:24:55', '2022-06-16 15:24:55'),
(200, 'Chiquinquirá', 15, '2022-06-16 15:24:55', '2022-06-16 15:24:55'),
(201, 'Chiriguaná', 20, '2022-06-16 15:24:55', '2022-06-16 15:24:55'),
(202, 'Chiscas', 15, '2022-06-16 15:24:55', '2022-06-16 15:24:55'),
(203, 'Chita', 15, '2022-06-16 15:24:55', '2022-06-16 15:24:55'),
(204, 'Chitagá', 54, '2022-06-16 15:24:55', '2022-06-16 15:24:55'),
(205, 'Chitaraque', 15, '2022-06-16 15:24:55', '2022-06-16 15:24:55'),
(206, 'Chivatá', 15, '2022-06-16 15:24:55', '2022-06-16 15:24:55'),
(207, 'Chivolo', 47, '2022-06-16 15:24:55', '2022-06-16 15:24:55'),
(208, 'Choachí', 25, '2022-06-16 15:24:55', '2022-06-16 15:24:55'),
(209, 'Chocontá', 25, '2022-06-16 15:24:55', '2022-06-16 15:24:55'),
(210, 'Chámeza', 85, '2022-06-16 15:24:55', '2022-06-16 15:24:55'),
(211, 'Chía', 25, '2022-06-16 15:24:55', '2022-06-16 15:24:55'),
(212, 'Chíquiza', 15, '2022-06-16 15:24:55', '2022-06-16 15:24:55'),
(213, 'Chívor', 15, '2022-06-16 15:24:55', '2022-06-16 15:24:55'),
(214, 'Cicuco', 13, '2022-06-16 15:24:55', '2022-06-16 15:24:55'),
(215, 'Cimitarra', 68, '2022-06-16 15:24:55', '2022-06-16 15:24:55'),
(216, 'Circasia', 63, '2022-06-16 15:24:55', '2022-06-16 15:24:55'),
(217, 'Cisneros', 5, '2022-06-16 15:24:55', '2022-06-16 15:24:55'),
(218, 'Ciénaga', 15, '2022-06-16 15:24:55', '2022-06-16 15:24:55'),
(219, 'Ciénaga', 47, '2022-06-16 15:24:55', '2022-06-16 15:24:55'),
(220, 'Ciénaga de Oro', 23, '2022-06-16 15:24:55', '2022-06-16 15:24:55'),
(221, 'Clemencia', 13, '2022-06-16 15:24:55', '2022-06-16 15:24:55'),
(222, 'Cocorná', 5, '2022-06-16 15:24:55', '2022-06-16 15:24:55'),
(223, 'Coello', 73, '2022-06-16 15:24:55', '2022-06-16 15:24:55'),
(224, 'Cogua', 25, '2022-06-16 15:24:55', '2022-06-16 15:24:55'),
(225, 'Colombia', 41, '2022-06-16 15:24:55', '2022-06-16 15:24:55'),
(226, 'Colosó (Ricaurte)', 70, '2022-06-16 15:24:55', '2022-06-16 15:24:55'),
(227, 'Colón', 86, '2022-06-16 15:24:55', '2022-06-16 15:24:55'),
(228, 'Colón (Génova)', 52, '2022-06-16 15:24:55', '2022-06-16 15:24:55'),
(229, 'Concepción', 5, '2022-06-16 15:24:55', '2022-06-16 15:24:55'),
(230, 'Concepción', 68, '2022-06-16 15:24:55', '2022-06-16 15:24:55'),
(231, 'Concordia', 5, '2022-06-16 15:24:55', '2022-06-16 15:24:55'),
(232, 'Concordia', 47, '2022-06-16 15:24:55', '2022-06-16 15:24:55'),
(233, 'Condoto', 27, '2022-06-16 15:24:55', '2022-06-16 15:24:55'),
(234, 'Confines', 68, '2022-06-16 15:24:55', '2022-06-16 15:24:55'),
(235, 'Consaca', 52, '2022-06-16 15:24:55', '2022-06-16 15:24:55'),
(236, 'Contadero', 52, '2022-06-16 15:24:55', '2022-06-16 15:24:55'),
(237, 'Contratación', 68, '2022-06-16 15:24:55', '2022-06-16 15:24:55'),
(238, 'Convención', 54, '2022-06-16 15:24:55', '2022-06-16 15:24:55'),
(239, 'Copacabana', 5, '2022-06-16 15:24:55', '2022-06-16 15:24:55'),
(240, 'Coper', 15, '2022-06-16 15:24:55', '2022-06-16 15:24:55'),
(241, 'Cordobá', 63, '2022-06-16 15:24:55', '2022-06-16 15:24:55'),
(242, 'Corinto', 19, '2022-06-16 15:24:55', '2022-06-16 15:24:55'),
(243, 'Coromoro', 68, '2022-06-16 15:24:55', '2022-06-16 15:24:55'),
(244, 'Corozal', 70, '2022-06-16 15:24:55', '2022-06-16 15:24:55'),
(245, 'Corrales', 15, '2022-06-16 15:24:55', '2022-06-16 15:24:55'),
(246, 'Cota', 25, '2022-06-16 15:24:55', '2022-06-16 15:24:55'),
(247, 'Cotorra', 23, '2022-06-16 15:24:55', '2022-06-16 15:24:55'),
(248, 'Covarachía', 15, '2022-06-16 15:24:55', '2022-06-16 15:24:55'),
(249, 'Coveñas', 70, '2022-06-16 15:24:55', '2022-06-16 15:24:55'),
(250, 'Coyaima', 73, '2022-06-16 15:24:55', '2022-06-16 15:24:55'),
(251, 'Cravo Norte', 81, '2022-06-16 15:24:55', '2022-06-16 15:24:55'),
(252, 'Cuaspud (Carlosama)', 52, '2022-06-16 15:24:55', '2022-06-16 15:24:55'),
(253, 'Cubarral', 50, '2022-06-16 15:24:55', '2022-06-16 15:24:55'),
(254, 'Cubará', 15, '2022-06-16 15:24:55', '2022-06-16 15:24:55'),
(255, 'Cucaita', 15, '2022-06-16 15:24:55', '2022-06-16 15:24:55'),
(256, 'Cucunubá', 25, '2022-06-16 15:24:55', '2022-06-16 15:24:55'),
(257, 'Cucutilla', 54, '2022-06-16 15:24:55', '2022-06-16 15:24:55'),
(258, 'Cuitiva', 15, '2022-06-16 15:24:55', '2022-06-16 15:24:55'),
(259, 'Cumaral', 50, '2022-06-16 15:24:55', '2022-06-16 15:24:55'),
(260, 'Cumaribo', 99, '2022-06-16 15:24:55', '2022-06-16 15:24:55'),
(261, 'Cumbal', 52, '2022-06-16 15:24:55', '2022-06-16 15:24:55'),
(262, 'Cumbitara', 52, '2022-06-16 15:24:55', '2022-06-16 15:24:55'),
(263, 'Cunday', 73, '2022-06-16 15:24:55', '2022-06-16 15:24:55'),
(264, 'Curillo', 18, '2022-06-16 15:24:55', '2022-06-16 15:24:55'),
(265, 'Curití', 68, '2022-06-16 15:24:55', '2022-06-16 15:24:55'),
(266, 'Curumaní', 20, '2022-06-16 15:24:55', '2022-06-16 15:24:55'),
(267, 'Cáceres', 5, '2022-06-16 15:24:55', '2022-06-16 15:24:55'),
(268, 'Cáchira', 54, '2022-06-16 15:24:55', '2022-06-16 15:24:55'),
(269, 'Cácota', 54, '2022-06-16 15:24:55', '2022-06-16 15:24:55'),
(270, 'Cáqueza', 25, '2022-06-16 15:24:55', '2022-06-16 15:24:55'),
(271, 'Cértegui', 27, '2022-06-16 15:24:55', '2022-06-16 15:24:55'),
(272, 'Cómbita', 15, '2022-06-16 15:24:55', '2022-06-16 15:24:55'),
(273, 'Córdoba', 13, '2022-06-16 15:24:55', '2022-06-16 15:24:55'),
(274, 'Córdoba', 52, '2022-06-16 15:24:55', '2022-06-16 15:24:55'),
(275, 'Cúcuta', 54, '2022-06-16 15:24:55', '2022-06-16 15:24:55'),
(276, 'Dabeiba', 5, '2022-06-16 15:24:55', '2022-06-16 15:24:55'),
(277, 'Dagua', 76, '2022-06-16 15:24:55', '2022-06-16 15:24:55'),
(278, 'Dibulla', 44, '2022-06-16 15:24:55', '2022-06-16 15:24:55'),
(279, 'Distracción', 44, '2022-06-16 15:24:55', '2022-06-16 15:24:55'),
(280, 'Dolores', 73, '2022-06-16 15:24:55', '2022-06-16 15:24:55'),
(281, 'Don Matías', 5, '2022-06-16 15:24:55', '2022-06-16 15:24:55'),
(282, 'Dos Quebradas', 66, '2022-06-16 15:24:55', '2022-06-16 15:24:55'),
(283, 'Duitama', 15, '2022-06-16 15:24:55', '2022-06-16 15:24:55'),
(284, 'Durania', 54, '2022-06-16 15:24:55', '2022-06-16 15:24:55'),
(285, 'Ebéjico', 5, '2022-06-16 15:24:55', '2022-06-16 15:24:55'),
(286, 'El Bagre', 5, '2022-06-16 15:24:55', '2022-06-16 15:24:55'),
(287, 'El Banco', 47, '2022-06-16 15:24:55', '2022-06-16 15:24:55'),
(288, 'El Cairo', 76, '2022-06-16 15:24:55', '2022-06-16 15:24:55'),
(289, 'El Calvario', 50, '2022-06-16 15:24:55', '2022-06-16 15:24:55'),
(290, 'El Carmen', 54, '2022-06-16 15:24:55', '2022-06-16 15:24:55'),
(291, 'El Carmen', 68, '2022-06-16 15:24:55', '2022-06-16 15:24:55'),
(292, 'El Carmen de Atrato', 27, '2022-06-16 15:24:55', '2022-06-16 15:24:55'),
(293, 'El Carmen de Bolívar', 13, '2022-06-16 15:24:55', '2022-06-16 15:24:55'),
(294, 'El Castillo', 50, '2022-06-16 15:24:55', '2022-06-16 15:24:55'),
(295, 'El Cerrito', 76, '2022-06-16 15:24:55', '2022-06-16 15:24:55'),
(296, 'El Charco', 52, '2022-06-16 15:24:55', '2022-06-16 15:24:55'),
(297, 'El Cocuy', 15, '2022-06-16 15:24:55', '2022-06-16 15:24:55'),
(298, 'El Colegio', 25, '2022-06-16 15:24:55', '2022-06-16 15:24:55'),
(299, 'El Copey', 20, '2022-06-16 15:24:55', '2022-06-16 15:24:55'),
(300, 'El Doncello', 18, '2022-06-16 15:24:55', '2022-06-16 15:24:55'),
(301, 'El Dorado', 50, '2022-06-16 15:24:55', '2022-06-16 15:24:55'),
(302, 'El Dovio', 76, '2022-06-16 15:24:55', '2022-06-16 15:24:55'),
(303, 'El Espino', 15, '2022-06-16 15:24:55', '2022-06-16 15:24:55'),
(304, 'El Guacamayo', 68, '2022-06-16 15:24:55', '2022-06-16 15:24:55'),
(305, 'El Guamo', 13, '2022-06-16 15:24:55', '2022-06-16 15:24:55'),
(306, 'El Molino', 44, '2022-06-16 15:24:55', '2022-06-16 15:24:55'),
(307, 'El Paso', 20, '2022-06-16 15:24:55', '2022-06-16 15:24:55'),
(308, 'El Paujil', 18, '2022-06-16 15:24:55', '2022-06-16 15:24:55'),
(309, 'El Peñol', 52, '2022-06-16 15:24:55', '2022-06-16 15:24:55'),
(310, 'El Peñon', 13, '2022-06-16 15:24:55', '2022-06-16 15:24:55'),
(311, 'El Peñon', 68, '2022-06-16 15:24:55', '2022-06-16 15:24:55'),
(312, 'El Peñón', 25, '2022-06-16 15:24:55', '2022-06-16 15:24:55'),
(313, 'El Piñon', 47, '2022-06-16 15:24:55', '2022-06-16 15:24:55'),
(314, 'El Playón', 68, '2022-06-16 15:24:55', '2022-06-16 15:24:55'),
(315, 'El Retorno', 95, '2022-06-16 15:24:55', '2022-06-16 15:24:55'),
(316, 'El Retén', 47, '2022-06-16 15:24:55', '2022-06-16 15:24:55'),
(317, 'El Roble', 70, '2022-06-16 15:24:55', '2022-06-16 15:24:55'),
(318, 'El Rosal', 25, '2022-06-16 15:24:55', '2022-06-16 15:24:55'),
(319, 'El Rosario', 52, '2022-06-16 15:24:55', '2022-06-16 15:24:55'),
(320, 'El Tablón de Gómez', 52, '2022-06-16 15:24:55', '2022-06-16 15:24:55'),
(321, 'El Tambo', 19, '2022-06-16 15:24:55', '2022-06-16 15:24:55'),
(322, 'El Tambo', 52, '2022-06-16 15:24:55', '2022-06-16 15:24:55'),
(323, 'El Tarra', 54, '2022-06-16 15:24:55', '2022-06-16 15:24:55'),
(324, 'El Zulia', 54, '2022-06-16 15:24:55', '2022-06-16 15:24:55'),
(325, 'El Águila', 76, '2022-06-16 15:24:55', '2022-06-16 15:24:55'),
(326, 'Elías', 41, '2022-06-16 15:24:55', '2022-06-16 15:24:55'),
(327, 'Encino', 68, '2022-06-16 15:24:55', '2022-06-16 15:24:55'),
(328, 'Enciso', 68, '2022-06-16 15:24:55', '2022-06-16 15:24:55'),
(329, 'Entrerríos', 5, '2022-06-16 15:24:55', '2022-06-16 15:24:55'),
(330, 'Envigado', 5, '2022-06-16 15:24:55', '2022-06-16 15:24:55'),
(331, 'Espinal', 73, '2022-06-16 15:24:55', '2022-06-16 15:24:55'),
(332, 'Facatativá', 25, '2022-06-16 15:24:55', '2022-06-16 15:24:55'),
(333, 'Falan', 73, '2022-06-16 15:24:55', '2022-06-16 15:24:55'),
(334, 'Filadelfia', 17, '2022-06-16 15:24:55', '2022-06-16 15:24:55'),
(335, 'Filandia', 63, '2022-06-16 15:24:55', '2022-06-16 15:24:55'),
(336, 'Firavitoba', 15, '2022-06-16 15:24:55', '2022-06-16 15:24:55'),
(337, 'Flandes', 73, '2022-06-16 15:24:55', '2022-06-16 15:24:55'),
(338, 'Florencia', 18, '2022-06-16 15:24:55', '2022-06-16 15:24:55'),
(339, 'Florencia', 19, '2022-06-16 15:24:55', '2022-06-16 15:24:55'),
(340, 'Floresta', 15, '2022-06-16 15:24:55', '2022-06-16 15:24:55'),
(341, 'Florida', 76, '2022-06-16 15:24:55', '2022-06-16 15:24:55'),
(342, 'Floridablanca', 68, '2022-06-16 15:24:55', '2022-06-16 15:24:55'),
(343, 'Florián', 68, '2022-06-16 15:24:55', '2022-06-16 15:24:55'),
(344, 'Fonseca', 44, '2022-06-16 15:24:55', '2022-06-16 15:24:55'),
(345, 'Fortúl', 81, '2022-06-16 15:24:55', '2022-06-16 15:24:55'),
(346, 'Fosca', 25, '2022-06-16 15:24:55', '2022-06-16 15:24:55'),
(347, 'Francisco Pizarro', 52, '2022-06-16 15:24:55', '2022-06-16 15:24:55'),
(348, 'Fredonia', 5, '2022-06-16 15:24:55', '2022-06-16 15:24:55'),
(349, 'Fresno', 73, '2022-06-16 15:24:55', '2022-06-16 15:24:55'),
(350, 'Frontino', 5, '2022-06-16 15:24:55', '2022-06-16 15:24:55'),
(351, 'Fuente de Oro', 50, '2022-06-16 15:24:55', '2022-06-16 15:24:55'),
(352, 'Fundación', 47, '2022-06-16 15:24:55', '2022-06-16 15:24:55'),
(353, 'Funes', 52, '2022-06-16 15:24:55', '2022-06-16 15:24:55'),
(354, 'Funza', 25, '2022-06-16 15:24:55', '2022-06-16 15:24:55'),
(355, 'Fusagasugá', 25, '2022-06-16 15:24:55', '2022-06-16 15:24:55'),
(356, 'Fómeque', 25, '2022-06-16 15:24:55', '2022-06-16 15:24:55'),
(357, 'Fúquene', 25, '2022-06-16 15:24:55', '2022-06-16 15:24:55'),
(358, 'Gachalá', 25, '2022-06-16 15:24:55', '2022-06-16 15:24:55'),
(359, 'Gachancipá', 25, '2022-06-16 15:24:55', '2022-06-16 15:24:55'),
(360, 'Gachantivá', 15, '2022-06-16 15:24:55', '2022-06-16 15:24:55'),
(361, 'Gachetá', 25, '2022-06-16 15:24:55', '2022-06-16 15:24:55'),
(362, 'Galapa', 8, '2022-06-16 15:24:55', '2022-06-16 15:24:55'),
(363, 'Galeras (Nueva Granada)', 70, '2022-06-16 15:24:55', '2022-06-16 15:24:55'),
(364, 'Galán', 68, '2022-06-16 15:24:55', '2022-06-16 15:24:55'),
(365, 'Gama', 25, '2022-06-16 15:24:55', '2022-06-16 15:24:55'),
(366, 'Gamarra', 20, '2022-06-16 15:24:55', '2022-06-16 15:24:55'),
(367, 'Garagoa', 15, '2022-06-16 15:24:55', '2022-06-16 15:24:55'),
(368, 'Garzón', 41, '2022-06-16 15:24:55', '2022-06-16 15:24:55'),
(369, 'Gigante', 41, '2022-06-16 15:24:55', '2022-06-16 15:24:55'),
(370, 'Ginebra', 76, '2022-06-16 15:24:55', '2022-06-16 15:24:55'),
(371, 'Giraldo', 5, '2022-06-16 15:24:55', '2022-06-16 15:24:55'),
(372, 'Girardot', 25, '2022-06-16 15:24:55', '2022-06-16 15:24:55'),
(373, 'Girardota', 5, '2022-06-16 15:24:55', '2022-06-16 15:24:55'),
(374, 'Girón', 68, '2022-06-16 15:24:55', '2022-06-16 15:24:55'),
(375, 'Gonzalez', 20, '2022-06-16 15:24:55', '2022-06-16 15:24:55'),
(376, 'Gramalote', 54, '2022-06-16 15:24:55', '2022-06-16 15:24:55'),
(377, 'Granada', 5, '2022-06-16 15:24:55', '2022-06-16 15:24:55'),
(378, 'Granada', 25, '2022-06-16 15:24:55', '2022-06-16 15:24:55'),
(379, 'Granada', 50, '2022-06-16 15:24:55', '2022-06-16 15:24:55'),
(380, 'Guaca', 68, '2022-06-16 15:24:55', '2022-06-16 15:24:55'),
(381, 'Guacamayas', 15, '2022-06-16 15:24:55', '2022-06-16 15:24:55'),
(382, 'Guacarí', 76, '2022-06-16 15:24:55', '2022-06-16 15:24:55'),
(383, 'Guachavés', 52, '2022-06-16 15:24:55', '2022-06-16 15:24:55'),
(384, 'Guachené', 19, '2022-06-16 15:24:55', '2022-06-16 15:24:55'),
(385, 'Guachetá', 25, '2022-06-16 15:24:55', '2022-06-16 15:24:55'),
(386, 'Guachucal', 52, '2022-06-16 15:24:55', '2022-06-16 15:24:55'),
(387, 'Guadalupe', 5, '2022-06-16 15:24:55', '2022-06-16 15:24:55'),
(388, 'Guadalupe', 41, '2022-06-16 15:24:55', '2022-06-16 15:24:55'),
(389, 'Guadalupe', 68, '2022-06-16 15:24:55', '2022-06-16 15:24:55'),
(390, 'Guaduas', 25, '2022-06-16 15:24:55', '2022-06-16 15:24:55'),
(391, 'Guaitarilla', 52, '2022-06-16 15:24:55', '2022-06-16 15:24:55'),
(392, 'Gualmatán', 52, '2022-06-16 15:24:55', '2022-06-16 15:24:55'),
(393, 'Guamal', 47, '2022-06-16 15:24:55', '2022-06-16 15:24:55'),
(394, 'Guamal', 50, '2022-06-16 15:24:55', '2022-06-16 15:24:55'),
(395, 'Guamo', 73, '2022-06-16 15:24:55', '2022-06-16 15:24:55'),
(396, 'Guapota', 68, '2022-06-16 15:24:55', '2022-06-16 15:24:55'),
(397, 'Guapí', 19, '2022-06-16 15:24:55', '2022-06-16 15:24:55'),
(398, 'Guaranda', 70, '2022-06-16 15:24:55', '2022-06-16 15:24:55'),
(399, 'Guarne', 5, '2022-06-16 15:24:55', '2022-06-16 15:24:55'),
(400, 'Guasca', 25, '2022-06-16 15:24:55', '2022-06-16 15:24:55'),
(401, 'Guatapé', 5, '2022-06-16 15:24:55', '2022-06-16 15:24:55'),
(402, 'Guataquí', 25, '2022-06-16 15:24:55', '2022-06-16 15:24:55'),
(403, 'Guatavita', 25, '2022-06-16 15:24:55', '2022-06-16 15:24:55'),
(404, 'Guateque', 15, '2022-06-16 15:24:55', '2022-06-16 15:24:55'),
(405, 'Guavatá', 68, '2022-06-16 15:24:55', '2022-06-16 15:24:55'),
(406, 'Guayabal de Siquima', 25, '2022-06-16 15:24:55', '2022-06-16 15:24:55'),
(407, 'Guayabetal', 25, '2022-06-16 15:24:55', '2022-06-16 15:24:55'),
(408, 'Guayatá', 15, '2022-06-16 15:24:55', '2022-06-16 15:24:55'),
(409, 'Guepsa', 68, '2022-06-16 15:24:55', '2022-06-16 15:24:55'),
(410, 'Guicán', 15, '2022-06-16 15:24:55', '2022-06-16 15:24:55'),
(411, 'Gutiérrez', 25, '2022-06-16 15:24:55', '2022-06-16 15:24:55'),
(412, 'Guática', 66, '2022-06-16 15:24:55', '2022-06-16 15:24:55'),
(413, 'Gámbita', 68, '2022-06-16 15:24:55', '2022-06-16 15:24:55'),
(414, 'Gámeza', 15, '2022-06-16 15:24:55', '2022-06-16 15:24:55'),
(415, 'Génova', 63, '2022-06-16 15:24:55', '2022-06-16 15:24:55'),
(416, 'Gómez Plata', 5, '2022-06-16 15:24:55', '2022-06-16 15:24:55'),
(417, 'Hacarí', 54, '2022-06-16 15:24:55', '2022-06-16 15:24:55'),
(418, 'Hatillo de Loba', 13, '2022-06-16 15:24:55', '2022-06-16 15:24:55'),
(419, 'Hato', 68, '2022-06-16 15:24:55', '2022-06-16 15:24:55'),
(420, 'Hato Corozal', 85, '2022-06-16 15:24:55', '2022-06-16 15:24:55'),
(421, 'Hatonuevo', 44, '2022-06-16 15:24:55', '2022-06-16 15:24:55'),
(422, 'Heliconia', 5, '2022-06-16 15:24:55', '2022-06-16 15:24:55'),
(423, 'Herrán', 54, '2022-06-16 15:24:55', '2022-06-16 15:24:55'),
(424, 'Herveo', 73, '2022-06-16 15:24:55', '2022-06-16 15:24:55'),
(425, 'Hispania', 5, '2022-06-16 15:24:55', '2022-06-16 15:24:55'),
(426, 'Hobo', 41, '2022-06-16 15:24:55', '2022-06-16 15:24:55'),
(427, 'Honda', 73, '2022-06-16 15:24:55', '2022-06-16 15:24:55'),
(428, 'Ibagué', 73, '2022-06-16 15:24:55', '2022-06-16 15:24:55'),
(429, 'Icononzo', 73, '2022-06-16 15:24:55', '2022-06-16 15:24:55'),
(430, 'Iles', 52, '2022-06-16 15:24:55', '2022-06-16 15:24:55'),
(431, 'Imúes', 52, '2022-06-16 15:24:55', '2022-06-16 15:24:55'),
(432, 'Inzá', 19, '2022-06-16 15:24:55', '2022-06-16 15:24:55'),
(433, 'Inírida', 94, '2022-06-16 15:24:55', '2022-06-16 15:24:55'),
(434, 'Ipiales', 52, '2022-06-16 15:24:55', '2022-06-16 15:24:55'),
(435, 'Isnos', 41, '2022-06-16 15:24:55', '2022-06-16 15:24:55'),
(436, 'Istmina', 27, '2022-06-16 15:24:55', '2022-06-16 15:24:55'),
(437, 'Itagüí', 5, '2022-06-16 15:24:55', '2022-06-16 15:24:55'),
(438, 'Ituango', 5, '2022-06-16 15:24:55', '2022-06-16 15:24:55'),
(439, 'Izá', 15, '2022-06-16 15:24:55', '2022-06-16 15:24:55'),
(440, 'Jambaló', 19, '2022-06-16 15:24:55', '2022-06-16 15:24:55'),
(441, 'Jamundí', 76, '2022-06-16 15:24:55', '2022-06-16 15:24:55'),
(442, 'Jardín', 5, '2022-06-16 15:24:55', '2022-06-16 15:24:55'),
(443, 'Jenesano', 15, '2022-06-16 15:24:55', '2022-06-16 15:24:55'),
(444, 'Jericó', 5, '2022-06-16 15:24:55', '2022-06-16 15:24:55'),
(445, 'Jericó', 15, '2022-06-16 15:24:55', '2022-06-16 15:24:55'),
(446, 'Jerusalén', 25, '2022-06-16 15:24:55', '2022-06-16 15:24:55'),
(447, 'Jesús María', 68, '2022-06-16 15:24:55', '2022-06-16 15:24:55'),
(448, 'Jordán', 68, '2022-06-16 15:24:55', '2022-06-16 15:24:55'),
(449, 'Juan de Acosta', 8, '2022-06-16 15:24:55', '2022-06-16 15:24:55'),
(450, 'Junín', 25, '2022-06-16 15:24:55', '2022-06-16 15:24:55'),
(451, 'Juradó', 27, '2022-06-16 15:24:55', '2022-06-16 15:24:55'),
(452, 'La Apartada y La Frontera', 23, '2022-06-16 15:24:55', '2022-06-16 15:24:55'),
(453, 'La Argentina', 41, '2022-06-16 15:24:55', '2022-06-16 15:24:55'),
(454, 'La Belleza', 68, '2022-06-16 15:24:55', '2022-06-16 15:24:55'),
(455, 'La Calera', 25, '2022-06-16 15:24:55', '2022-06-16 15:24:55'),
(456, 'La Capilla', 15, '2022-06-16 15:24:55', '2022-06-16 15:24:55'),
(457, 'La Ceja', 5, '2022-06-16 15:24:55', '2022-06-16 15:24:55'),
(458, 'La Celia', 66, '2022-06-16 15:24:55', '2022-06-16 15:24:55'),
(459, 'La Cruz', 52, '2022-06-16 15:24:55', '2022-06-16 15:24:55'),
(460, 'La Cumbre', 76, '2022-06-16 15:24:55', '2022-06-16 15:24:55'),
(461, 'La Dorada', 17, '2022-06-16 15:24:55', '2022-06-16 15:24:55'),
(462, 'La Esperanza', 54, '2022-06-16 15:24:55', '2022-06-16 15:24:55'),
(463, 'La Estrella', 5, '2022-06-16 15:24:55', '2022-06-16 15:24:55'),
(464, 'La Florida', 52, '2022-06-16 15:24:55', '2022-06-16 15:24:55'),
(465, 'La Gloria', 20, '2022-06-16 15:24:55', '2022-06-16 15:24:55'),
(466, 'La Jagua de Ibirico', 20, '2022-06-16 15:24:55', '2022-06-16 15:24:55'),
(467, 'La Jagua del Pilar', 44, '2022-06-16 15:24:55', '2022-06-16 15:24:55'),
(468, 'La Llanada', 52, '2022-06-16 15:24:55', '2022-06-16 15:24:55'),
(469, 'La Macarena', 50, '2022-06-16 15:24:55', '2022-06-16 15:24:55'),
(470, 'La Merced', 17, '2022-06-16 15:24:55', '2022-06-16 15:24:55'),
(471, 'La Mesa', 25, '2022-06-16 15:24:55', '2022-06-16 15:24:55'),
(472, 'La Montañita', 18, '2022-06-16 15:24:55', '2022-06-16 15:24:55'),
(473, 'La Palma', 25, '2022-06-16 15:24:55', '2022-06-16 15:24:55'),
(474, 'La Paz', 68, '2022-06-16 15:24:55', '2022-06-16 15:24:55'),
(475, 'La Paz (Robles)', 20, '2022-06-16 15:24:55', '2022-06-16 15:24:55'),
(476, 'La Peña', 25, '2022-06-16 15:24:55', '2022-06-16 15:24:55'),
(477, 'La Pintada', 5, '2022-06-16 15:24:55', '2022-06-16 15:24:55'),
(478, 'La Plata', 41, '2022-06-16 15:24:55', '2022-06-16 15:24:55'),
(479, 'La Playa', 54, '2022-06-16 15:24:55', '2022-06-16 15:24:55'),
(480, 'La Primavera', 99, '2022-06-16 15:24:55', '2022-06-16 15:24:55'),
(481, 'La Salina', 85, '2022-06-16 15:24:55', '2022-06-16 15:24:55'),
(482, 'La Sierra', 19, '2022-06-16 15:24:55', '2022-06-16 15:24:55'),
(483, 'La Tebaida', 63, '2022-06-16 15:24:55', '2022-06-16 15:24:55'),
(484, 'La Tola', 52, '2022-06-16 15:24:55', '2022-06-16 15:24:55'),
(485, 'La Unión', 5, '2022-06-16 15:24:55', '2022-06-16 15:24:55'),
(486, 'La Unión', 52, '2022-06-16 15:24:55', '2022-06-16 15:24:55'),
(487, 'La Unión', 70, '2022-06-16 15:24:55', '2022-06-16 15:24:55'),
(488, 'La Unión', 76, '2022-06-16 15:24:55', '2022-06-16 15:24:55'),
(489, 'La Uvita', 15, '2022-06-16 15:24:55', '2022-06-16 15:24:55'),
(490, 'La Vega', 19, '2022-06-16 15:24:55', '2022-06-16 15:24:55'),
(491, 'La Vega', 25, '2022-06-16 15:24:55', '2022-06-16 15:24:55'),
(492, 'La Victoria', 15, '2022-06-16 15:24:55', '2022-06-16 15:24:55'),
(493, 'La Victoria', 17, '2022-06-16 15:24:55', '2022-06-16 15:24:55'),
(494, 'La Victoria', 76, '2022-06-16 15:24:55', '2022-06-16 15:24:55'),
(495, 'La Virginia', 66, '2022-06-16 15:24:55', '2022-06-16 15:24:55'),
(496, 'Labateca', 54, '2022-06-16 15:24:55', '2022-06-16 15:24:55'),
(497, 'Labranzagrande', 15, '2022-06-16 15:24:55', '2022-06-16 15:24:55'),
(498, 'Landázuri', 68, '2022-06-16 15:24:55', '2022-06-16 15:24:55'),
(499, 'Lebrija', 68, '2022-06-16 15:24:55', '2022-06-16 15:24:55'),
(500, 'Leiva', 52, '2022-06-16 15:24:55', '2022-06-16 15:24:55'),
(501, 'Lejanías', 50, '2022-06-16 15:24:55', '2022-06-16 15:24:55'),
(502, 'Lenguazaque', 25, '2022-06-16 15:24:55', '2022-06-16 15:24:55'),
(503, 'Leticia', 91, '2022-06-16 15:24:55', '2022-06-16 15:24:55'),
(504, 'Liborina', 5, '2022-06-16 15:24:55', '2022-06-16 15:24:55'),
(505, 'Linares', 52, '2022-06-16 15:24:55', '2022-06-16 15:24:55'),
(506, 'Lloró', 27, '2022-06-16 15:24:55', '2022-06-16 15:24:55'),
(507, 'Lorica', 23, '2022-06-16 15:24:55', '2022-06-16 15:24:55'),
(508, 'Los Córdobas', 23, '2022-06-16 15:24:55', '2022-06-16 15:24:55'),
(509, 'Los Palmitos', 70, '2022-06-16 15:24:55', '2022-06-16 15:24:55'),
(510, 'Los Patios', 54, '2022-06-16 15:24:55', '2022-06-16 15:24:55'),
(511, 'Los Santos', 68, '2022-06-16 15:24:55', '2022-06-16 15:24:55'),
(512, 'Lourdes', 54, '2022-06-16 15:24:55', '2022-06-16 15:24:55'),
(513, 'Luruaco', 8, '2022-06-16 15:24:55', '2022-06-16 15:24:55'),
(514, 'Lérida', 73, '2022-06-16 15:24:55', '2022-06-16 15:24:55'),
(515, 'Líbano', 73, '2022-06-16 15:24:55', '2022-06-16 15:24:55'),
(516, 'López (Micay)', 19, '2022-06-16 15:24:55', '2022-06-16 15:24:55'),
(517, 'Macanal', 15, '2022-06-16 15:24:55', '2022-06-16 15:24:55'),
(518, 'Macaravita', 68, '2022-06-16 15:24:55', '2022-06-16 15:24:55'),
(519, 'Maceo', 5, '2022-06-16 15:24:55', '2022-06-16 15:24:55'),
(520, 'Machetá', 25, '2022-06-16 15:24:55', '2022-06-16 15:24:55'),
(521, 'Madrid', 25, '2022-06-16 15:24:55', '2022-06-16 15:24:55'),
(522, 'Magangué', 13, '2022-06-16 15:24:55', '2022-06-16 15:24:55'),
(523, 'Magüi (Payán)', 52, '2022-06-16 15:24:55', '2022-06-16 15:24:55'),
(524, 'Mahates', 13, '2022-06-16 15:24:55', '2022-06-16 15:24:55'),
(525, 'Maicao', 44, '2022-06-16 15:24:55', '2022-06-16 15:24:55'),
(526, 'Majagual', 70, '2022-06-16 15:24:55', '2022-06-16 15:24:55'),
(527, 'Malambo', 8, '2022-06-16 15:24:55', '2022-06-16 15:24:55'),
(528, 'Mallama (Piedrancha)', 52, '2022-06-16 15:24:55', '2022-06-16 15:24:55'),
(529, 'Manatí', 8, '2022-06-16 15:24:55', '2022-06-16 15:24:55'),
(530, 'Manaure', 44, '2022-06-16 15:24:55', '2022-06-16 15:24:55'),
(531, 'Manaure Balcón del Cesar', 20, '2022-06-16 15:24:55', '2022-06-16 15:24:55'),
(532, 'Manizales', 17, '2022-06-16 15:24:55', '2022-06-16 15:24:55'),
(533, 'Manta', 25, '2022-06-16 15:24:55', '2022-06-16 15:24:55'),
(534, 'Manzanares', 17, '2022-06-16 15:24:55', '2022-06-16 15:24:55'),
(535, 'Maní', 85, '2022-06-16 15:24:55', '2022-06-16 15:24:55'),
(536, 'Mapiripan', 50, '2022-06-16 15:24:55', '2022-06-16 15:24:55'),
(537, 'Margarita', 13, '2022-06-16 15:24:55', '2022-06-16 15:24:55'),
(538, 'Marinilla', 5, '2022-06-16 15:24:55', '2022-06-16 15:24:55'),
(539, 'Maripí', 15, '2022-06-16 15:24:55', '2022-06-16 15:24:55'),
(540, 'Mariquita', 73, '2022-06-16 15:24:55', '2022-06-16 15:24:55'),
(541, 'Marmato', 17, '2022-06-16 15:24:55', '2022-06-16 15:24:55'),
(542, 'Marquetalia', 17, '2022-06-16 15:24:55', '2022-06-16 15:24:55'),
(543, 'Marsella', 66, '2022-06-16 15:24:55', '2022-06-16 15:24:55'),
(544, 'Marulanda', 17, '2022-06-16 15:24:55', '2022-06-16 15:24:55'),
(545, 'María la Baja', 13, '2022-06-16 15:24:55', '2022-06-16 15:24:55'),
(546, 'Matanza', 68, '2022-06-16 15:24:55', '2022-06-16 15:24:55'),
(547, 'Medellín', 5, '2022-06-16 15:24:55', '2022-06-16 15:24:55'),
(548, 'Medina', 25, '2022-06-16 15:24:55', '2022-06-16 15:24:55'),
(549, 'Medio Atrato', 27, '2022-06-16 15:24:55', '2022-06-16 15:24:55'),
(550, 'Medio Baudó', 27, '2022-06-16 15:24:55', '2022-06-16 15:24:55'),
(551, 'Medio San Juan (ANDAGOYA)', 27, '2022-06-16 15:24:55', '2022-06-16 15:24:55'),
(552, 'Melgar', 73, '2022-06-16 15:24:55', '2022-06-16 15:24:55'),
(553, 'Mercaderes', 19, '2022-06-16 15:24:55', '2022-06-16 15:24:55'),
(554, 'Mesetas', 50, '2022-06-16 15:24:55', '2022-06-16 15:24:55'),
(555, 'Milán', 18, '2022-06-16 15:24:55', '2022-06-16 15:24:55'),
(556, 'Miraflores', 15, '2022-06-16 15:24:55', '2022-06-16 15:24:55'),
(557, 'Miraflores', 95, '2022-06-16 15:24:55', '2022-06-16 15:24:55'),
(558, 'Miranda', 19, '2022-06-16 15:24:55', '2022-06-16 15:24:55'),
(559, 'Mistrató', 66, '2022-06-16 15:24:55', '2022-06-16 15:24:55'),
(560, 'Mitú', 97, '2022-06-16 15:24:55', '2022-06-16 15:24:55'),
(561, 'Mocoa', 86, '2022-06-16 15:24:55', '2022-06-16 15:24:55'),
(562, 'Mogotes', 68, '2022-06-16 15:24:55', '2022-06-16 15:24:55'),
(563, 'Molagavita', 68, '2022-06-16 15:24:55', '2022-06-16 15:24:55'),
(564, 'Momil', 23, '2022-06-16 15:24:55', '2022-06-16 15:24:55'),
(565, 'Mompós', 13, '2022-06-16 15:24:55', '2022-06-16 15:24:55'),
(566, 'Mongua', 15, '2022-06-16 15:24:55', '2022-06-16 15:24:55'),
(567, 'Monguí', 15, '2022-06-16 15:24:55', '2022-06-16 15:24:55'),
(568, 'Moniquirá', 15, '2022-06-16 15:24:55', '2022-06-16 15:24:55'),
(569, 'Montebello', 5, '2022-06-16 15:24:55', '2022-06-16 15:24:55'),
(570, 'Montecristo', 13, '2022-06-16 15:24:55', '2022-06-16 15:24:55'),
(571, 'Montelíbano', 23, '2022-06-16 15:24:55', '2022-06-16 15:24:55'),
(572, 'Montenegro', 63, '2022-06-16 15:24:55', '2022-06-16 15:24:55'),
(573, 'Monteria', 23, '2022-06-16 15:24:55', '2022-06-16 15:24:55'),
(574, 'Monterrey', 85, '2022-06-16 15:24:55', '2022-06-16 15:24:55'),
(575, 'Morales', 13, '2022-06-16 15:24:55', '2022-06-16 15:24:55'),
(576, 'Morales', 19, '2022-06-16 15:24:55', '2022-06-16 15:24:55'),
(577, 'Morelia', 18, '2022-06-16 15:24:55', '2022-06-16 15:24:55'),
(578, 'Morroa', 70, '2022-06-16 15:24:55', '2022-06-16 15:24:55'),
(579, 'Mosquera', 25, '2022-06-16 15:24:55', '2022-06-16 15:24:55'),
(580, 'Mosquera', 52, '2022-06-16 15:24:55', '2022-06-16 15:24:55'),
(581, 'Motavita', 15, '2022-06-16 15:24:55', '2022-06-16 15:24:55'),
(582, 'Moñitos', 23, '2022-06-16 15:24:55', '2022-06-16 15:24:55'),
(583, 'Murillo', 73, '2022-06-16 15:24:55', '2022-06-16 15:24:55'),
(584, 'Murindó', 5, '2022-06-16 15:24:55', '2022-06-16 15:24:55'),
(585, 'Mutatá', 5, '2022-06-16 15:24:55', '2022-06-16 15:24:55'),
(586, 'Mutiscua', 54, '2022-06-16 15:24:55', '2022-06-16 15:24:55'),
(587, 'Muzo', 15, '2022-06-16 15:24:55', '2022-06-16 15:24:55'),
(588, 'Málaga', 68, '2022-06-16 15:24:55', '2022-06-16 15:24:55'),
(589, 'Nariño', 5, '2022-06-16 15:24:55', '2022-06-16 15:24:55'),
(590, 'Nariño', 25, '2022-06-16 15:24:55', '2022-06-16 15:24:55'),
(591, 'Nariño', 52, '2022-06-16 15:24:55', '2022-06-16 15:24:55'),
(592, 'Natagaima', 73, '2022-06-16 15:24:55', '2022-06-16 15:24:55'),
(593, 'Nechí', 5, '2022-06-16 15:24:55', '2022-06-16 15:24:55'),
(594, 'Necoclí', 5, '2022-06-16 15:24:55', '2022-06-16 15:24:55'),
(595, 'Neira', 17, '2022-06-16 15:24:55', '2022-06-16 15:24:55'),
(596, 'Neiva', 41, '2022-06-16 15:24:55', '2022-06-16 15:24:55'),
(597, 'Nemocón', 25, '2022-06-16 15:24:55', '2022-06-16 15:24:55'),
(598, 'Nilo', 25, '2022-06-16 15:24:55', '2022-06-16 15:24:55'),
(599, 'Nimaima', 25, '2022-06-16 15:24:55', '2022-06-16 15:24:55'),
(600, 'Nobsa', 15, '2022-06-16 15:24:55', '2022-06-16 15:24:55'),
(601, 'Nocaima', 25, '2022-06-16 15:24:55', '2022-06-16 15:24:55'),
(602, 'Norcasia', 17, '2022-06-16 15:24:55', '2022-06-16 15:24:55'),
(603, 'Norosí', 13, '2022-06-16 15:24:55', '2022-06-16 15:24:55'),
(604, 'Novita', 27, '2022-06-16 15:24:55', '2022-06-16 15:24:55'),
(605, 'Nueva Granada', 47, '2022-06-16 15:24:55', '2022-06-16 15:24:55'),
(606, 'Nuevo Colón', 15, '2022-06-16 15:24:55', '2022-06-16 15:24:55'),
(607, 'Nunchía', 85, '2022-06-16 15:24:55', '2022-06-16 15:24:55'),
(608, 'Nuquí', 27, '2022-06-16 15:24:55', '2022-06-16 15:24:55'),
(609, 'Nátaga', 41, '2022-06-16 15:24:55', '2022-06-16 15:24:55'),
(610, 'Obando', 76, '2022-06-16 15:24:55', '2022-06-16 15:24:55'),
(611, 'Ocamonte', 68, '2022-06-16 15:24:55', '2022-06-16 15:24:55'),
(612, 'Ocaña', 54, '2022-06-16 15:24:55', '2022-06-16 15:24:55'),
(613, 'Oiba', 68, '2022-06-16 15:24:55', '2022-06-16 15:24:55'),
(614, 'Oicatá', 15, '2022-06-16 15:24:55', '2022-06-16 15:24:55'),
(615, 'Olaya', 5, '2022-06-16 15:24:55', '2022-06-16 15:24:55'),
(616, 'Olaya Herrera', 52, '2022-06-16 15:24:55', '2022-06-16 15:24:55'),
(617, 'Onzaga', 68, '2022-06-16 15:24:55', '2022-06-16 15:24:55'),
(618, 'Oporapa', 41, '2022-06-16 15:24:55', '2022-06-16 15:24:55'),
(619, 'Orito', 86, '2022-06-16 15:24:55', '2022-06-16 15:24:55'),
(620, 'Orocué', 85, '2022-06-16 15:24:55', '2022-06-16 15:24:55'),
(621, 'Ortega', 73, '2022-06-16 15:24:55', '2022-06-16 15:24:55'),
(622, 'Ospina', 52, '2022-06-16 15:24:55', '2022-06-16 15:24:55'),
(623, 'Otanche', 15, '2022-06-16 15:24:55', '2022-06-16 15:24:55'),
(624, 'Ovejas', 70, '2022-06-16 15:24:55', '2022-06-16 15:24:55'),
(625, 'Pachavita', 15, '2022-06-16 15:24:55', '2022-06-16 15:24:55'),
(626, 'Pacho', 25, '2022-06-16 15:24:55', '2022-06-16 15:24:55'),
(627, 'Padilla', 19, '2022-06-16 15:24:55', '2022-06-16 15:24:55'),
(628, 'Paicol', 41, '2022-06-16 15:24:55', '2022-06-16 15:24:55'),
(629, 'Pailitas', 20, '2022-06-16 15:24:55', '2022-06-16 15:24:55'),
(630, 'Paime', 25, '2022-06-16 15:24:55', '2022-06-16 15:24:55'),
(631, 'Paipa', 15, '2022-06-16 15:24:55', '2022-06-16 15:24:55'),
(632, 'Pajarito', 15, '2022-06-16 15:24:55', '2022-06-16 15:24:55'),
(633, 'Palermo', 41, '2022-06-16 15:24:55', '2022-06-16 15:24:55'),
(634, 'Palestina', 17, '2022-06-16 15:24:55', '2022-06-16 15:24:55'),
(635, 'Palestina', 41, '2022-06-16 15:24:55', '2022-06-16 15:24:55'),
(636, 'Palmar', 68, '2022-06-16 15:24:55', '2022-06-16 15:24:55'),
(637, 'Palmar de Varela', 8, '2022-06-16 15:24:55', '2022-06-16 15:24:55'),
(638, 'Palmas del Socorro', 68, '2022-06-16 15:24:55', '2022-06-16 15:24:55'),
(639, 'Palmira', 76, '2022-06-16 15:24:55', '2022-06-16 15:24:55'),
(640, 'Palmito', 70, '2022-06-16 15:24:55', '2022-06-16 15:24:55'),
(641, 'Palocabildo', 73, '2022-06-16 15:24:55', '2022-06-16 15:24:55'),
(642, 'Pamplona', 54, '2022-06-16 15:24:55', '2022-06-16 15:24:55'),
(643, 'Pamplonita', 54, '2022-06-16 15:24:55', '2022-06-16 15:24:55'),
(644, 'Pandi', 25, '2022-06-16 15:24:55', '2022-06-16 15:24:55'),
(645, 'Panqueba', 15, '2022-06-16 15:24:55', '2022-06-16 15:24:55'),
(646, 'Paratebueno', 25, '2022-06-16 15:24:55', '2022-06-16 15:24:55'),
(647, 'Pasca', 25, '2022-06-16 15:24:55', '2022-06-16 15:24:55'),
(648, 'Patía (El Bordo)', 19, '2022-06-16 15:24:55', '2022-06-16 15:24:55'),
(649, 'Pauna', 15, '2022-06-16 15:24:55', '2022-06-16 15:24:55'),
(650, 'Paya', 15, '2022-06-16 15:24:55', '2022-06-16 15:24:55'),
(651, 'Paz de Ariporo', 85, '2022-06-16 15:24:55', '2022-06-16 15:24:55'),
(652, 'Paz de Río', 15, '2022-06-16 15:24:55', '2022-06-16 15:24:55'),
(653, 'Pedraza', 47, '2022-06-16 15:24:55', '2022-06-16 15:24:55'),
(654, 'Pelaya', 20, '2022-06-16 15:24:55', '2022-06-16 15:24:55'),
(655, 'Pensilvania', 17, '2022-06-16 15:24:55', '2022-06-16 15:24:55'),
(656, 'Peque', 5, '2022-06-16 15:24:55', '2022-06-16 15:24:55'),
(657, 'Pereira', 66, '2022-06-16 15:24:55', '2022-06-16 15:24:55'),
(658, 'Pesca', 15, '2022-06-16 15:24:55', '2022-06-16 15:24:55'),
(659, 'Peñol', 5, '2022-06-16 15:24:55', '2022-06-16 15:24:55'),
(660, 'Piamonte', 19, '2022-06-16 15:24:55', '2022-06-16 15:24:55'),
(661, 'Pie de Cuesta', 68, '2022-06-16 15:24:55', '2022-06-16 15:24:55'),
(662, 'Piedras', 73, '2022-06-16 15:24:55', '2022-06-16 15:24:55'),
(663, 'Piendamó', 19, '2022-06-16 15:24:55', '2022-06-16 15:24:55'),
(664, 'Pijao', 63, '2022-06-16 15:24:55', '2022-06-16 15:24:55'),
(665, 'Pijiño', 47, '2022-06-16 15:24:55', '2022-06-16 15:24:55'),
(666, 'Pinchote', 68, '2022-06-16 15:24:55', '2022-06-16 15:24:55'),
(667, 'Pinillos', 13, '2022-06-16 15:24:55', '2022-06-16 15:24:55'),
(668, 'Piojo', 8, '2022-06-16 15:24:55', '2022-06-16 15:24:55'),
(669, 'Pisva', 15, '2022-06-16 15:24:55', '2022-06-16 15:24:55'),
(670, 'Pital', 41, '2022-06-16 15:24:55', '2022-06-16 15:24:55'),
(671, 'Pitalito', 41, '2022-06-16 15:24:55', '2022-06-16 15:24:55'),
(672, 'Pivijay', 47, '2022-06-16 15:24:55', '2022-06-16 15:24:55'),
(673, 'Planadas', 73, '2022-06-16 15:24:55', '2022-06-16 15:24:55'),
(674, 'Planeta Rica', 23, '2022-06-16 15:24:55', '2022-06-16 15:24:55'),
(675, 'Plato', 47, '2022-06-16 15:24:55', '2022-06-16 15:24:55'),
(676, 'Policarpa', 52, '2022-06-16 15:24:55', '2022-06-16 15:24:55'),
(677, 'Polonuevo', 8, '2022-06-16 15:24:55', '2022-06-16 15:24:55'),
(678, 'Ponedera', 8, '2022-06-16 15:24:55', '2022-06-16 15:24:55'),
(679, 'Popayán', 19, '2022-06-16 15:24:55', '2022-06-16 15:24:55'),
(680, 'Pore', 85, '2022-06-16 15:24:55', '2022-06-16 15:24:55'),
(681, 'Potosí', 52, '2022-06-16 15:24:55', '2022-06-16 15:24:55'),
(682, 'Pradera', 76, '2022-06-16 15:24:55', '2022-06-16 15:24:55'),
(683, 'Prado', 73, '2022-06-16 15:24:55', '2022-06-16 15:24:55'),
(684, 'Providencia', 52, '2022-06-16 15:24:55', '2022-06-16 15:24:55'),
(685, 'Providencia', 88, '2022-06-16 15:24:55', '2022-06-16 15:24:55'),
(686, 'Pueblo Bello', 20, '2022-06-16 15:24:55', '2022-06-16 15:24:55'),
(687, 'Pueblo Nuevo', 23, '2022-06-16 15:24:55', '2022-06-16 15:24:55'),
(688, 'Pueblo Rico', 66, '2022-06-16 15:24:55', '2022-06-16 15:24:55'),
(689, 'Pueblorrico', 5, '2022-06-16 15:24:55', '2022-06-16 15:24:55'),
(690, 'Puebloviejo', 47, '2022-06-16 15:24:55', '2022-06-16 15:24:55'),
(691, 'Puente Nacional', 68, '2022-06-16 15:24:55', '2022-06-16 15:24:55'),
(692, 'Puerres', 52, '2022-06-16 15:24:55', '2022-06-16 15:24:55'),
(693, 'Puerto Asís', 86, '2022-06-16 15:24:55', '2022-06-16 15:24:55'),
(694, 'Puerto Berrío', 5, '2022-06-16 15:24:55', '2022-06-16 15:24:55'),
(695, 'Puerto Boyacá', 15, '2022-06-16 15:24:55', '2022-06-16 15:24:55'),
(696, 'Puerto Caicedo', 86, '2022-06-16 15:24:55', '2022-06-16 15:24:55'),
(697, 'Puerto Carreño', 99, '2022-06-16 15:24:55', '2022-06-16 15:24:55'),
(698, 'Puerto Colombia', 8, '2022-06-16 15:24:55', '2022-06-16 15:24:55'),
(699, 'Puerto Concordia', 50, '2022-06-16 15:24:55', '2022-06-16 15:24:55'),
(700, 'Puerto Escondido', 23, '2022-06-16 15:24:55', '2022-06-16 15:24:55'),
(701, 'Puerto Gaitán', 50, '2022-06-16 15:24:55', '2022-06-16 15:24:55'),
(702, 'Puerto Guzmán', 86, '2022-06-16 15:24:55', '2022-06-16 15:24:55'),
(703, 'Puerto Leguízamo', 86, '2022-06-16 15:24:55', '2022-06-16 15:24:55'),
(704, 'Puerto Libertador', 23, '2022-06-16 15:24:55', '2022-06-16 15:24:55'),
(705, 'Puerto Lleras', 50, '2022-06-16 15:24:55', '2022-06-16 15:24:55'),
(706, 'Puerto López', 50, '2022-06-16 15:24:55', '2022-06-16 15:24:55'),
(707, 'Puerto Nare', 5, '2022-06-16 15:24:55', '2022-06-16 15:24:55'),
(708, 'Puerto Nariño', 91, '2022-06-16 15:24:55', '2022-06-16 15:24:55'),
(709, 'Puerto Parra', 68, '2022-06-16 15:24:55', '2022-06-16 15:24:55'),
(710, 'Puerto Rico', 18, '2022-06-16 15:24:55', '2022-06-16 15:24:55'),
(711, 'Puerto Rico', 50, '2022-06-16 15:24:55', '2022-06-16 15:24:55'),
(712, 'Puerto Rondón', 81, '2022-06-16 15:24:55', '2022-06-16 15:24:55'),
(713, 'Puerto Salgar', 25, '2022-06-16 15:24:55', '2022-06-16 15:24:55'),
(714, 'Puerto Santander', 54, '2022-06-16 15:24:55', '2022-06-16 15:24:55'),
(715, 'Puerto Tejada', 19, '2022-06-16 15:24:55', '2022-06-16 15:24:55'),
(716, 'Puerto Triunfo', 5, '2022-06-16 15:24:55', '2022-06-16 15:24:55'),
(717, 'Puerto Wilches', 68, '2022-06-16 15:24:55', '2022-06-16 15:24:55'),
(718, 'Pulí', 25, '2022-06-16 15:24:55', '2022-06-16 15:24:55'),
(719, 'Pupiales', 52, '2022-06-16 15:24:55', '2022-06-16 15:24:55'),
(720, 'Puracé (Coconuco)', 19, '2022-06-16 15:24:55', '2022-06-16 15:24:55'),
(721, 'Purificación', 73, '2022-06-16 15:24:55', '2022-06-16 15:24:55'),
(722, 'Purísima', 23, '2022-06-16 15:24:55', '2022-06-16 15:24:55'),
(723, 'Pácora', 17, '2022-06-16 15:24:55', '2022-06-16 15:24:55'),
(724, 'Páez', 15, '2022-06-16 15:24:55', '2022-06-16 15:24:55'),
(725, 'Páez (Belalcazar)', 19, '2022-06-16 15:24:55', '2022-06-16 15:24:55'),
(726, 'Páramo', 68, '2022-06-16 15:24:55', '2022-06-16 15:24:55'),
(727, 'Quebradanegra', 25, '2022-06-16 15:24:55', '2022-06-16 15:24:55'),
(728, 'Quetame', 25, '2022-06-16 15:24:55', '2022-06-16 15:24:55'),
(729, 'Quibdó', 27, '2022-06-16 15:24:55', '2022-06-16 15:24:55'),
(730, 'Quimbaya', 63, '2022-06-16 15:24:55', '2022-06-16 15:24:55'),
(731, 'Quinchía', 66, '2022-06-16 15:24:55', '2022-06-16 15:24:55'),
(732, 'Quipama', 15, '2022-06-16 15:24:55', '2022-06-16 15:24:55'),
(733, 'Quipile', 25, '2022-06-16 15:24:55', '2022-06-16 15:24:55'),
(734, 'Ragonvalia', 54, '2022-06-16 15:24:55', '2022-06-16 15:24:55'),
(735, 'Ramiriquí', 15, '2022-06-16 15:24:55', '2022-06-16 15:24:55'),
(736, 'Recetor', 85, '2022-06-16 15:24:55', '2022-06-16 15:24:55'),
(737, 'Regidor', 13, '2022-06-16 15:24:55', '2022-06-16 15:24:55'),
(738, 'Remedios', 5, '2022-06-16 15:24:55', '2022-06-16 15:24:55'),
(739, 'Remolino', 47, '2022-06-16 15:24:55', '2022-06-16 15:24:55'),
(740, 'Repelón', 8, '2022-06-16 15:24:55', '2022-06-16 15:24:55');
INSERT INTO `cities` (`id`, `name`, `department_id`, `created_at`, `updated_at`) VALUES
(741, 'Restrepo', 50, '2022-06-16 15:24:55', '2022-06-16 15:24:55'),
(742, 'Restrepo', 76, '2022-06-16 15:24:55', '2022-06-16 15:24:55'),
(743, 'Retiro', 5, '2022-06-16 15:24:55', '2022-06-16 15:24:55'),
(744, 'Ricaurte', 25, '2022-06-16 15:24:55', '2022-06-16 15:24:55'),
(745, 'Ricaurte', 52, '2022-06-16 15:24:55', '2022-06-16 15:24:55'),
(746, 'Rio Negro', 68, '2022-06-16 15:24:55', '2022-06-16 15:24:55'),
(747, 'Rioblanco', 73, '2022-06-16 15:24:55', '2022-06-16 15:24:55'),
(748, 'Riofrío', 76, '2022-06-16 15:24:55', '2022-06-16 15:24:55'),
(749, 'Riohacha', 44, '2022-06-16 15:24:55', '2022-06-16 15:24:55'),
(750, 'Risaralda', 17, '2022-06-16 15:24:55', '2022-06-16 15:24:55'),
(751, 'Rivera', 41, '2022-06-16 15:24:55', '2022-06-16 15:24:55'),
(752, 'Roberto Payán (San José)', 52, '2022-06-16 15:24:55', '2022-06-16 15:24:55'),
(753, 'Roldanillo', 76, '2022-06-16 15:24:55', '2022-06-16 15:24:55'),
(754, 'Roncesvalles', 73, '2022-06-16 15:24:55', '2022-06-16 15:24:55'),
(755, 'Rondón', 15, '2022-06-16 15:24:55', '2022-06-16 15:24:55'),
(756, 'Rosas', 19, '2022-06-16 15:24:55', '2022-06-16 15:24:55'),
(757, 'Rovira', 73, '2022-06-16 15:24:55', '2022-06-16 15:24:55'),
(758, 'Ráquira', 15, '2022-06-16 15:24:55', '2022-06-16 15:24:55'),
(759, 'Río Iró', 27, '2022-06-16 15:24:55', '2022-06-16 15:24:55'),
(760, 'Río Quito', 27, '2022-06-16 15:24:55', '2022-06-16 15:24:55'),
(761, 'Río Sucio', 17, '2022-06-16 15:24:55', '2022-06-16 15:24:55'),
(762, 'Río Viejo', 13, '2022-06-16 15:24:55', '2022-06-16 15:24:55'),
(763, 'Río de oro', 20, '2022-06-16 15:24:55', '2022-06-16 15:24:55'),
(764, 'Ríonegro', 5, '2022-06-16 15:24:55', '2022-06-16 15:24:55'),
(765, 'Ríosucio', 27, '2022-06-16 15:24:55', '2022-06-16 15:24:55'),
(766, 'Sabana de Torres', 68, '2022-06-16 15:24:55', '2022-06-16 15:24:55'),
(767, 'Sabanagrande', 8, '2022-06-16 15:24:55', '2022-06-16 15:24:55'),
(768, 'Sabanalarga', 5, '2022-06-16 15:24:55', '2022-06-16 15:24:55'),
(769, 'Sabanalarga', 8, '2022-06-16 15:24:55', '2022-06-16 15:24:55'),
(770, 'Sabanalarga', 85, '2022-06-16 15:24:55', '2022-06-16 15:24:55'),
(771, 'Sabanas de San Angel (SAN ANGEL)', 47, '2022-06-16 15:24:55', '2022-06-16 15:24:55'),
(772, 'Sabaneta', 5, '2022-06-16 15:24:55', '2022-06-16 15:24:55'),
(773, 'Saboyá', 15, '2022-06-16 15:24:55', '2022-06-16 15:24:55'),
(774, 'Sahagún', 23, '2022-06-16 15:24:55', '2022-06-16 15:24:55'),
(775, 'Saladoblanco', 41, '2022-06-16 15:24:55', '2022-06-16 15:24:55'),
(776, 'Salamina', 17, '2022-06-16 15:24:55', '2022-06-16 15:24:55'),
(777, 'Salamina', 47, '2022-06-16 15:24:55', '2022-06-16 15:24:55'),
(778, 'Salazar', 54, '2022-06-16 15:24:55', '2022-06-16 15:24:55'),
(779, 'Saldaña', 73, '2022-06-16 15:24:55', '2022-06-16 15:24:55'),
(780, 'Salento', 63, '2022-06-16 15:24:55', '2022-06-16 15:24:55'),
(781, 'Salgar', 5, '2022-06-16 15:24:55', '2022-06-16 15:24:55'),
(782, 'Samacá', 15, '2022-06-16 15:24:55', '2022-06-16 15:24:55'),
(783, 'Samaniego', 52, '2022-06-16 15:24:55', '2022-06-16 15:24:55'),
(784, 'Samaná', 17, '2022-06-16 15:24:55', '2022-06-16 15:24:55'),
(785, 'Sampués', 70, '2022-06-16 15:24:55', '2022-06-16 15:24:55'),
(786, 'San Agustín', 41, '2022-06-16 15:24:55', '2022-06-16 15:24:55'),
(787, 'San Alberto', 20, '2022-06-16 15:24:55', '2022-06-16 15:24:55'),
(788, 'San Andrés', 68, '2022-06-16 15:24:55', '2022-06-16 15:24:55'),
(789, 'San Andrés Sotavento', 23, '2022-06-16 15:24:55', '2022-06-16 15:24:55'),
(790, 'San Andrés de Cuerquía', 5, '2022-06-16 15:24:55', '2022-06-16 15:24:55'),
(791, 'San Antero', 23, '2022-06-16 15:24:55', '2022-06-16 15:24:55'),
(792, 'San Antonio', 73, '2022-06-16 15:24:55', '2022-06-16 15:24:55'),
(793, 'San Antonio de Tequendama', 25, '2022-06-16 15:24:55', '2022-06-16 15:24:55'),
(794, 'San Benito', 68, '2022-06-16 15:24:55', '2022-06-16 15:24:55'),
(795, 'San Benito Abad', 70, '2022-06-16 15:24:55', '2022-06-16 15:24:55'),
(796, 'San Bernardo', 25, '2022-06-16 15:24:55', '2022-06-16 15:24:55'),
(797, 'San Bernardo', 52, '2022-06-16 15:24:55', '2022-06-16 15:24:55'),
(798, 'San Bernardo del Viento', 23, '2022-06-16 15:24:55', '2022-06-16 15:24:55'),
(799, 'San Calixto', 54, '2022-06-16 15:24:55', '2022-06-16 15:24:55'),
(800, 'San Carlos', 5, '2022-06-16 15:24:55', '2022-06-16 15:24:55'),
(801, 'San Carlos', 23, '2022-06-16 15:24:55', '2022-06-16 15:24:55'),
(802, 'San Carlos de Guaroa', 50, '2022-06-16 15:24:55', '2022-06-16 15:24:55'),
(803, 'San Cayetano', 25, '2022-06-16 15:24:55', '2022-06-16 15:24:55'),
(804, 'San Cayetano', 54, '2022-06-16 15:24:55', '2022-06-16 15:24:55'),
(805, 'San Cristobal', 13, '2022-06-16 15:24:55', '2022-06-16 15:24:55'),
(806, 'San Diego', 20, '2022-06-16 15:24:55', '2022-06-16 15:24:55'),
(807, 'San Eduardo', 15, '2022-06-16 15:24:55', '2022-06-16 15:24:55'),
(808, 'San Estanislao', 13, '2022-06-16 15:24:55', '2022-06-16 15:24:55'),
(809, 'San Fernando', 13, '2022-06-16 15:24:55', '2022-06-16 15:24:55'),
(810, 'San Francisco', 5, '2022-06-16 15:24:55', '2022-06-16 15:24:55'),
(811, 'San Francisco', 25, '2022-06-16 15:24:55', '2022-06-16 15:24:55'),
(812, 'San Francisco', 86, '2022-06-16 15:24:55', '2022-06-16 15:24:55'),
(813, 'San Gíl', 68, '2022-06-16 15:24:55', '2022-06-16 15:24:55'),
(814, 'San Jacinto', 13, '2022-06-16 15:24:55', '2022-06-16 15:24:55'),
(815, 'San Jacinto del Cauca', 13, '2022-06-16 15:24:55', '2022-06-16 15:24:55'),
(816, 'San Jerónimo', 5, '2022-06-16 15:24:55', '2022-06-16 15:24:55'),
(817, 'San Joaquín', 68, '2022-06-16 15:24:55', '2022-06-16 15:24:55'),
(818, 'San José', 17, '2022-06-16 15:24:55', '2022-06-16 15:24:55'),
(819, 'San José de Miranda', 68, '2022-06-16 15:24:55', '2022-06-16 15:24:55'),
(820, 'San José de Montaña', 5, '2022-06-16 15:24:55', '2022-06-16 15:24:55'),
(821, 'San José de Pare', 15, '2022-06-16 15:24:55', '2022-06-16 15:24:55'),
(822, 'San José de Uré', 23, '2022-06-16 15:24:55', '2022-06-16 15:24:55'),
(823, 'San José del Fragua', 18, '2022-06-16 15:24:55', '2022-06-16 15:24:55'),
(824, 'San José del Guaviare', 95, '2022-06-16 15:24:55', '2022-06-16 15:24:55'),
(825, 'San José del Palmar', 27, '2022-06-16 15:24:55', '2022-06-16 15:24:55'),
(826, 'San Juan de Arama', 50, '2022-06-16 15:24:55', '2022-06-16 15:24:55'),
(827, 'San Juan de Betulia', 70, '2022-06-16 15:24:55', '2022-06-16 15:24:55'),
(828, 'San Juan de Nepomuceno', 13, '2022-06-16 15:24:55', '2022-06-16 15:24:55'),
(829, 'San Juan de Pasto', 52, '2022-06-16 15:24:55', '2022-06-16 15:24:55'),
(830, 'San Juan de Río Seco', 25, '2022-06-16 15:24:55', '2022-06-16 15:24:55'),
(831, 'San Juan de Urabá', 5, '2022-06-16 15:24:55', '2022-06-16 15:24:55'),
(832, 'San Juan del Cesar', 44, '2022-06-16 15:24:55', '2022-06-16 15:24:55'),
(833, 'San Juanito', 50, '2022-06-16 15:24:55', '2022-06-16 15:24:55'),
(834, 'San Lorenzo', 52, '2022-06-16 15:24:55', '2022-06-16 15:24:55'),
(835, 'San Luis', 73, '2022-06-16 15:24:55', '2022-06-16 15:24:55'),
(836, 'San Luís', 5, '2022-06-16 15:24:55', '2022-06-16 15:24:55'),
(837, 'San Luís de Gaceno', 15, '2022-06-16 15:24:55', '2022-06-16 15:24:55'),
(838, 'San Luís de Palenque', 85, '2022-06-16 15:24:55', '2022-06-16 15:24:55'),
(839, 'San Marcos', 70, '2022-06-16 15:24:55', '2022-06-16 15:24:55'),
(840, 'San Martín', 20, '2022-06-16 15:24:55', '2022-06-16 15:24:55'),
(841, 'San Martín', 50, '2022-06-16 15:24:55', '2022-06-16 15:24:55'),
(842, 'San Martín de Loba', 13, '2022-06-16 15:24:55', '2022-06-16 15:24:55'),
(843, 'San Mateo', 15, '2022-06-16 15:24:55', '2022-06-16 15:24:55'),
(844, 'San Miguel', 68, '2022-06-16 15:24:55', '2022-06-16 15:24:55'),
(845, 'San Miguel', 86, '2022-06-16 15:24:55', '2022-06-16 15:24:55'),
(846, 'San Miguel de Sema', 15, '2022-06-16 15:24:55', '2022-06-16 15:24:55'),
(847, 'San Onofre', 70, '2022-06-16 15:24:55', '2022-06-16 15:24:55'),
(848, 'San Pablo', 13, '2022-06-16 15:24:55', '2022-06-16 15:24:55'),
(849, 'San Pablo', 52, '2022-06-16 15:24:55', '2022-06-16 15:24:55'),
(850, 'San Pablo de Borbur', 15, '2022-06-16 15:24:55', '2022-06-16 15:24:55'),
(851, 'San Pedro', 5, '2022-06-16 15:24:55', '2022-06-16 15:24:55'),
(852, 'San Pedro', 70, '2022-06-16 15:24:55', '2022-06-16 15:24:55'),
(853, 'San Pedro', 76, '2022-06-16 15:24:55', '2022-06-16 15:24:55'),
(854, 'San Pedro de Cartago', 52, '2022-06-16 15:24:55', '2022-06-16 15:24:55'),
(855, 'San Pedro de Urabá', 5, '2022-06-16 15:24:55', '2022-06-16 15:24:55'),
(856, 'San Pelayo', 23, '2022-06-16 15:24:55', '2022-06-16 15:24:55'),
(857, 'San Rafael', 5, '2022-06-16 15:24:55', '2022-06-16 15:24:55'),
(858, 'San Roque', 5, '2022-06-16 15:24:55', '2022-06-16 15:24:55'),
(859, 'San Sebastián', 19, '2022-06-16 15:24:55', '2022-06-16 15:24:55'),
(860, 'San Sebastián de Buenavista', 47, '2022-06-16 15:24:55', '2022-06-16 15:24:55'),
(861, 'San Vicente', 5, '2022-06-16 15:24:55', '2022-06-16 15:24:55'),
(862, 'San Vicente del Caguán', 18, '2022-06-16 15:24:55', '2022-06-16 15:24:55'),
(863, 'San Vicente del Chucurí', 68, '2022-06-16 15:24:55', '2022-06-16 15:24:55'),
(864, 'San Zenón', 47, '2022-06-16 15:24:55', '2022-06-16 15:24:55'),
(865, 'Sandoná', 52, '2022-06-16 15:24:55', '2022-06-16 15:24:55'),
(866, 'Santa Ana', 47, '2022-06-16 15:24:55', '2022-06-16 15:24:55'),
(867, 'Santa Bárbara', 5, '2022-06-16 15:24:55', '2022-06-16 15:24:55'),
(868, 'Santa Bárbara', 68, '2022-06-16 15:24:55', '2022-06-16 15:24:55'),
(869, 'Santa Bárbara (Iscuandé)', 52, '2022-06-16 15:24:55', '2022-06-16 15:24:55'),
(870, 'Santa Bárbara de Pinto', 47, '2022-06-16 15:24:55', '2022-06-16 15:24:55'),
(871, 'Santa Catalina', 13, '2022-06-16 15:24:55', '2022-06-16 15:24:55'),
(872, 'Santa Fé de Antioquia', 5, '2022-06-16 15:24:55', '2022-06-16 15:24:55'),
(873, 'Santa Genoveva de Docorodó', 27, '2022-06-16 15:24:55', '2022-06-16 15:24:55'),
(874, 'Santa Helena del Opón', 68, '2022-06-16 15:24:55', '2022-06-16 15:24:55'),
(875, 'Santa Isabel', 73, '2022-06-16 15:24:55', '2022-06-16 15:24:55'),
(876, 'Santa Lucía', 8, '2022-06-16 15:24:55', '2022-06-16 15:24:55'),
(877, 'Santa Marta', 47, '2022-06-16 15:24:55', '2022-06-16 15:24:55'),
(878, 'Santa María', 15, '2022-06-16 15:24:55', '2022-06-16 15:24:55'),
(879, 'Santa María', 41, '2022-06-16 15:24:55', '2022-06-16 15:24:55'),
(880, 'Santa Rosa', 13, '2022-06-16 15:24:55', '2022-06-16 15:24:55'),
(881, 'Santa Rosa', 19, '2022-06-16 15:24:55', '2022-06-16 15:24:55'),
(882, 'Santa Rosa de Cabal', 66, '2022-06-16 15:24:55', '2022-06-16 15:24:55'),
(883, 'Santa Rosa de Osos', 5, '2022-06-16 15:24:55', '2022-06-16 15:24:55'),
(884, 'Santa Rosa de Viterbo', 15, '2022-06-16 15:24:55', '2022-06-16 15:24:55'),
(885, 'Santa Rosa del Sur', 13, '2022-06-16 15:24:55', '2022-06-16 15:24:55'),
(886, 'Santa Rosalía', 99, '2022-06-16 15:24:55', '2022-06-16 15:24:55'),
(887, 'Santa Sofía', 15, '2022-06-16 15:24:55', '2022-06-16 15:24:55'),
(888, 'Santana', 15, '2022-06-16 15:24:55', '2022-06-16 15:24:55'),
(889, 'Santander de Quilichao', 19, '2022-06-16 15:24:55', '2022-06-16 15:24:55'),
(890, 'Santiago', 54, '2022-06-16 15:24:55', '2022-06-16 15:24:55'),
(891, 'Santiago', 86, '2022-06-16 15:24:55', '2022-06-16 15:24:55'),
(892, 'Santo Domingo', 5, '2022-06-16 15:24:55', '2022-06-16 15:24:55'),
(893, 'Santo Tomás', 8, '2022-06-16 15:24:55', '2022-06-16 15:24:55'),
(894, 'Santuario', 5, '2022-06-16 15:24:55', '2022-06-16 15:24:55'),
(895, 'Santuario', 66, '2022-06-16 15:24:55', '2022-06-16 15:24:55'),
(896, 'Sapuyes', 52, '2022-06-16 15:24:55', '2022-06-16 15:24:55'),
(897, 'Saravena', 81, '2022-06-16 15:24:55', '2022-06-16 15:24:55'),
(898, 'Sardinata', 54, '2022-06-16 15:24:55', '2022-06-16 15:24:55'),
(899, 'Sasaima', 25, '2022-06-16 15:24:55', '2022-06-16 15:24:55'),
(900, 'Sativanorte', 15, '2022-06-16 15:24:55', '2022-06-16 15:24:55'),
(901, 'Sativasur', 15, '2022-06-16 15:24:55', '2022-06-16 15:24:55'),
(902, 'Segovia', 5, '2022-06-16 15:24:55', '2022-06-16 15:24:55'),
(903, 'Sesquilé', 25, '2022-06-16 15:24:55', '2022-06-16 15:24:55'),
(904, 'Sevilla', 76, '2022-06-16 15:24:55', '2022-06-16 15:24:55'),
(905, 'Siachoque', 15, '2022-06-16 15:24:55', '2022-06-16 15:24:55'),
(906, 'Sibaté', 25, '2022-06-16 15:24:55', '2022-06-16 15:24:55'),
(907, 'Sibundoy', 86, '2022-06-16 15:24:55', '2022-06-16 15:24:55'),
(908, 'Silos', 54, '2022-06-16 15:24:55', '2022-06-16 15:24:55'),
(909, 'Silvania', 25, '2022-06-16 15:24:55', '2022-06-16 15:24:55'),
(910, 'Silvia', 19, '2022-06-16 15:24:55', '2022-06-16 15:24:55'),
(911, 'Simacota', 68, '2022-06-16 15:24:55', '2022-06-16 15:24:55'),
(912, 'Simijaca', 25, '2022-06-16 15:24:55', '2022-06-16 15:24:55'),
(913, 'Simití', 13, '2022-06-16 15:24:55', '2022-06-16 15:24:55'),
(914, 'Sincelejo', 70, '2022-06-16 15:24:55', '2022-06-16 15:24:55'),
(915, 'Sincé', 70, '2022-06-16 15:24:55', '2022-06-16 15:24:55'),
(916, 'Sipí', 27, '2022-06-16 15:24:55', '2022-06-16 15:24:55'),
(917, 'Sitionuevo', 47, '2022-06-16 15:24:55', '2022-06-16 15:24:55'),
(918, 'Soacha', 25, '2022-06-16 15:24:55', '2022-06-16 15:24:55'),
(919, 'Soatá', 15, '2022-06-16 15:24:55', '2022-06-16 15:24:55'),
(920, 'Socha', 15, '2022-06-16 15:24:55', '2022-06-16 15:24:55'),
(921, 'Socorro', 68, '2022-06-16 15:24:55', '2022-06-16 15:24:55'),
(922, 'Socotá', 15, '2022-06-16 15:24:55', '2022-06-16 15:24:55'),
(923, 'Sogamoso', 15, '2022-06-16 15:24:55', '2022-06-16 15:24:55'),
(924, 'Solano', 18, '2022-06-16 15:24:55', '2022-06-16 15:24:55'),
(925, 'Soledad', 8, '2022-06-16 15:24:55', '2022-06-16 15:24:55'),
(926, 'Solita', 18, '2022-06-16 15:24:55', '2022-06-16 15:24:55'),
(927, 'Somondoco', 15, '2022-06-16 15:24:55', '2022-06-16 15:24:55'),
(928, 'Sonsón', 5, '2022-06-16 15:24:55', '2022-06-16 15:24:55'),
(929, 'Sopetrán', 5, '2022-06-16 15:24:55', '2022-06-16 15:24:55'),
(930, 'Soplaviento', 13, '2022-06-16 15:24:55', '2022-06-16 15:24:55'),
(931, 'Sopó', 25, '2022-06-16 15:24:55', '2022-06-16 15:24:55'),
(932, 'Sora', 15, '2022-06-16 15:24:55', '2022-06-16 15:24:55'),
(933, 'Soracá', 15, '2022-06-16 15:24:55', '2022-06-16 15:24:55'),
(934, 'Sotaquirá', 15, '2022-06-16 15:24:55', '2022-06-16 15:24:55'),
(935, 'Sotara (Paispamba)', 19, '2022-06-16 15:24:55', '2022-06-16 15:24:55'),
(936, 'Sotomayor (Los Andes)', 52, '2022-06-16 15:24:55', '2022-06-16 15:24:55'),
(937, 'Suaita', 68, '2022-06-16 15:24:55', '2022-06-16 15:24:55'),
(938, 'Suan', 8, '2022-06-16 15:24:55', '2022-06-16 15:24:55'),
(939, 'Suaza', 41, '2022-06-16 15:24:55', '2022-06-16 15:24:55'),
(940, 'Subachoque', 25, '2022-06-16 15:24:55', '2022-06-16 15:24:55'),
(941, 'Sucre', 19, '2022-06-16 15:24:55', '2022-06-16 15:24:55'),
(942, 'Sucre', 68, '2022-06-16 15:24:55', '2022-06-16 15:24:55'),
(943, 'Sucre', 70, '2022-06-16 15:24:55', '2022-06-16 15:24:55'),
(944, 'Suesca', 25, '2022-06-16 15:24:55', '2022-06-16 15:24:55'),
(945, 'Supatá', 25, '2022-06-16 15:24:55', '2022-06-16 15:24:55'),
(946, 'Supía', 17, '2022-06-16 15:24:55', '2022-06-16 15:24:55'),
(947, 'Suratá', 68, '2022-06-16 15:24:55', '2022-06-16 15:24:55'),
(948, 'Susa', 25, '2022-06-16 15:24:55', '2022-06-16 15:24:55'),
(949, 'Susacón', 15, '2022-06-16 15:24:55', '2022-06-16 15:24:55'),
(950, 'Sutamarchán', 15, '2022-06-16 15:24:55', '2022-06-16 15:24:55'),
(951, 'Sutatausa', 25, '2022-06-16 15:24:55', '2022-06-16 15:24:55'),
(952, 'Sutatenza', 15, '2022-06-16 15:24:55', '2022-06-16 15:24:55'),
(953, 'Suárez', 19, '2022-06-16 15:24:55', '2022-06-16 15:24:55'),
(954, 'Suárez', 73, '2022-06-16 15:24:55', '2022-06-16 15:24:55'),
(955, 'Sácama', 85, '2022-06-16 15:24:55', '2022-06-16 15:24:55'),
(956, 'Sáchica', 15, '2022-06-16 15:24:55', '2022-06-16 15:24:55'),
(957, 'Tabio', 25, '2022-06-16 15:24:55', '2022-06-16 15:24:55'),
(958, 'Tadó', 27, '2022-06-16 15:24:55', '2022-06-16 15:24:55'),
(959, 'Talaigua Nuevo', 13, '2022-06-16 15:24:55', '2022-06-16 15:24:55'),
(960, 'Tamalameque', 20, '2022-06-16 15:24:55', '2022-06-16 15:24:55'),
(961, 'Tame', 81, '2022-06-16 15:24:55', '2022-06-16 15:24:55'),
(962, 'Taminango', 52, '2022-06-16 15:24:55', '2022-06-16 15:24:55'),
(963, 'Tangua', 52, '2022-06-16 15:24:55', '2022-06-16 15:24:55'),
(964, 'Taraira', 97, '2022-06-16 15:24:55', '2022-06-16 15:24:55'),
(965, 'Tarazá', 5, '2022-06-16 15:24:55', '2022-06-16 15:24:55'),
(966, 'Tarqui', 41, '2022-06-16 15:24:55', '2022-06-16 15:24:55'),
(967, 'Tarso', 5, '2022-06-16 15:24:55', '2022-06-16 15:24:55'),
(968, 'Tasco', 15, '2022-06-16 15:24:55', '2022-06-16 15:24:55'),
(969, 'Tauramena', 85, '2022-06-16 15:24:55', '2022-06-16 15:24:55'),
(970, 'Tausa', 25, '2022-06-16 15:24:55', '2022-06-16 15:24:55'),
(971, 'Tello', 41, '2022-06-16 15:24:55', '2022-06-16 15:24:55'),
(972, 'Tena', 25, '2022-06-16 15:24:55', '2022-06-16 15:24:55'),
(973, 'Tenerife', 47, '2022-06-16 15:24:55', '2022-06-16 15:24:55'),
(974, 'Tenjo', 25, '2022-06-16 15:24:55', '2022-06-16 15:24:55'),
(975, 'Tenza', 15, '2022-06-16 15:24:55', '2022-06-16 15:24:55'),
(976, 'Teorama', 54, '2022-06-16 15:24:55', '2022-06-16 15:24:55'),
(977, 'Teruel', 41, '2022-06-16 15:24:55', '2022-06-16 15:24:55'),
(978, 'Tesalia', 41, '2022-06-16 15:24:55', '2022-06-16 15:24:55'),
(979, 'Tibacuy', 25, '2022-06-16 15:24:55', '2022-06-16 15:24:55'),
(980, 'Tibaná', 15, '2022-06-16 15:24:55', '2022-06-16 15:24:55'),
(981, 'Tibasosa', 15, '2022-06-16 15:24:55', '2022-06-16 15:24:55'),
(982, 'Tibirita', 25, '2022-06-16 15:24:55', '2022-06-16 15:24:55'),
(983, 'Tibú', 54, '2022-06-16 15:24:55', '2022-06-16 15:24:55'),
(984, 'Tierralta', 23, '2022-06-16 15:24:55', '2022-06-16 15:24:55'),
(985, 'Timaná', 41, '2022-06-16 15:24:55', '2022-06-16 15:24:55'),
(986, 'Timbiquí', 19, '2022-06-16 15:24:55', '2022-06-16 15:24:55'),
(987, 'Timbío', 19, '2022-06-16 15:24:55', '2022-06-16 15:24:55'),
(988, 'Tinjacá', 15, '2022-06-16 15:24:55', '2022-06-16 15:24:55'),
(989, 'Tipacoque', 15, '2022-06-16 15:24:55', '2022-06-16 15:24:55'),
(990, 'Tiquisio (Puerto Rico)', 13, '2022-06-16 15:24:55', '2022-06-16 15:24:55'),
(991, 'Titiribí', 5, '2022-06-16 15:24:55', '2022-06-16 15:24:55'),
(992, 'Toca', 15, '2022-06-16 15:24:55', '2022-06-16 15:24:55'),
(993, 'Tocaima', 25, '2022-06-16 15:24:55', '2022-06-16 15:24:55'),
(994, 'Tocancipá', 25, '2022-06-16 15:24:55', '2022-06-16 15:24:55'),
(995, 'Toguí', 15, '2022-06-16 15:24:55', '2022-06-16 15:24:55'),
(996, 'Toledo', 5, '2022-06-16 15:24:55', '2022-06-16 15:24:55'),
(997, 'Toledo', 54, '2022-06-16 15:24:55', '2022-06-16 15:24:55'),
(998, 'Tolú', 70, '2022-06-16 15:24:55', '2022-06-16 15:24:55'),
(999, 'Tolú Viejo', 70, '2022-06-16 15:24:55', '2022-06-16 15:24:55'),
(1000, 'Tona', 68, '2022-06-16 15:24:55', '2022-06-16 15:24:55'),
(1001, 'Topagá', 15, '2022-06-16 15:24:55', '2022-06-16 15:24:55'),
(1002, 'Topaipí', 25, '2022-06-16 15:24:55', '2022-06-16 15:24:55'),
(1003, 'Toribío', 19, '2022-06-16 15:24:55', '2022-06-16 15:24:55'),
(1004, 'Toro', 76, '2022-06-16 15:24:55', '2022-06-16 15:24:55'),
(1005, 'Tota', 15, '2022-06-16 15:24:55', '2022-06-16 15:24:55'),
(1006, 'Totoró', 19, '2022-06-16 15:24:55', '2022-06-16 15:24:55'),
(1007, 'Trinidad', 85, '2022-06-16 15:24:55', '2022-06-16 15:24:55'),
(1008, 'Trujillo', 76, '2022-06-16 15:24:55', '2022-06-16 15:24:55'),
(1009, 'Tubará', 8, '2022-06-16 15:24:55', '2022-06-16 15:24:55'),
(1010, 'Tuchín', 23, '2022-06-16 15:24:55', '2022-06-16 15:24:55'),
(1011, 'Tulúa', 76, '2022-06-16 15:24:55', '2022-06-16 15:24:55'),
(1012, 'Tumaco', 52, '2022-06-16 15:24:55', '2022-06-16 15:24:55'),
(1013, 'Tunja', 15, '2022-06-16 15:24:55', '2022-06-16 15:24:55'),
(1014, 'Tunungua', 15, '2022-06-16 15:24:55', '2022-06-16 15:24:55'),
(1015, 'Turbaco', 13, '2022-06-16 15:24:55', '2022-06-16 15:24:55'),
(1016, 'Turbaná', 13, '2022-06-16 15:24:55', '2022-06-16 15:24:55'),
(1017, 'Turbo', 5, '2022-06-16 15:24:55', '2022-06-16 15:24:55'),
(1018, 'Turmequé', 15, '2022-06-16 15:24:55', '2022-06-16 15:24:55'),
(1019, 'Tuta', 15, '2022-06-16 15:24:55', '2022-06-16 15:24:55'),
(1020, 'Tutasá', 15, '2022-06-16 15:24:55', '2022-06-16 15:24:55'),
(1021, 'Támara', 85, '2022-06-16 15:24:55', '2022-06-16 15:24:55'),
(1022, 'Támesis', 5, '2022-06-16 15:24:55', '2022-06-16 15:24:55'),
(1023, 'Túquerres', 52, '2022-06-16 15:24:55', '2022-06-16 15:24:55'),
(1024, 'Ubalá', 25, '2022-06-16 15:24:55', '2022-06-16 15:24:55'),
(1025, 'Ubaque', 25, '2022-06-16 15:24:55', '2022-06-16 15:24:55'),
(1026, 'Ubaté', 25, '2022-06-16 15:24:55', '2022-06-16 15:24:55'),
(1027, 'Ulloa', 76, '2022-06-16 15:24:55', '2022-06-16 15:24:55'),
(1028, 'Une', 25, '2022-06-16 15:24:55', '2022-06-16 15:24:55'),
(1029, 'Unguía', 27, '2022-06-16 15:24:55', '2022-06-16 15:24:55'),
(1030, 'Unión Panamericana (ÁNIMAS)', 27, '2022-06-16 15:24:55', '2022-06-16 15:24:55'),
(1031, 'Uramita', 5, '2022-06-16 15:24:55', '2022-06-16 15:24:55'),
(1032, 'Uribe', 50, '2022-06-16 15:24:55', '2022-06-16 15:24:55'),
(1033, 'Uribia', 44, '2022-06-16 15:24:55', '2022-06-16 15:24:55'),
(1034, 'Urrao', 5, '2022-06-16 15:24:55', '2022-06-16 15:24:55'),
(1035, 'Urumita', 44, '2022-06-16 15:24:55', '2022-06-16 15:24:55'),
(1036, 'Usiacuri', 8, '2022-06-16 15:24:55', '2022-06-16 15:24:55'),
(1037, 'Valdivia', 5, '2022-06-16 15:24:55', '2022-06-16 15:24:55'),
(1038, 'Valencia', 23, '2022-06-16 15:24:55', '2022-06-16 15:24:55'),
(1039, 'Valle de San José', 68, '2022-06-16 15:24:55', '2022-06-16 15:24:55'),
(1040, 'Valle de San Juan', 73, '2022-06-16 15:24:55', '2022-06-16 15:24:55'),
(1041, 'Valle del Guamuez', 86, '2022-06-16 15:24:55', '2022-06-16 15:24:55'),
(1042, 'Valledupar', 20, '2022-06-16 15:24:55', '2022-06-16 15:24:55'),
(1043, 'Valparaiso', 5, '2022-06-16 15:24:55', '2022-06-16 15:24:55'),
(1044, 'Valparaiso', 18, '2022-06-16 15:24:55', '2022-06-16 15:24:55'),
(1045, 'Vegachí', 5, '2022-06-16 15:24:55', '2022-06-16 15:24:55'),
(1046, 'Venadillo', 73, '2022-06-16 15:24:55', '2022-06-16 15:24:55'),
(1047, 'Venecia', 5, '2022-06-16 15:24:55', '2022-06-16 15:24:55'),
(1048, 'Venecia (Ospina Pérez)', 25, '2022-06-16 15:24:55', '2022-06-16 15:24:55'),
(1049, 'Ventaquemada', 15, '2022-06-16 15:24:55', '2022-06-16 15:24:55'),
(1050, 'Vergara', 25, '2022-06-16 15:24:55', '2022-06-16 15:24:55'),
(1051, 'Versalles', 76, '2022-06-16 15:24:55', '2022-06-16 15:24:55'),
(1052, 'Vetas', 68, '2022-06-16 15:24:55', '2022-06-16 15:24:55'),
(1053, 'Viani', 25, '2022-06-16 15:24:55', '2022-06-16 15:24:55'),
(1054, 'Vigía del Fuerte', 5, '2022-06-16 15:24:55', '2022-06-16 15:24:55'),
(1055, 'Vijes', 76, '2022-06-16 15:24:55', '2022-06-16 15:24:55'),
(1056, 'Villa Caro', 54, '2022-06-16 15:24:55', '2022-06-16 15:24:55'),
(1057, 'Villa Rica', 19, '2022-06-16 15:24:55', '2022-06-16 15:24:55'),
(1058, 'Villa de Leiva', 15, '2022-06-16 15:24:55', '2022-06-16 15:24:55'),
(1059, 'Villa del Rosario', 54, '2022-06-16 15:24:55', '2022-06-16 15:24:55'),
(1060, 'Villagarzón', 86, '2022-06-16 15:24:55', '2022-06-16 15:24:55'),
(1061, 'Villagómez', 25, '2022-06-16 15:24:55', '2022-06-16 15:24:55'),
(1062, 'Villahermosa', 73, '2022-06-16 15:24:55', '2022-06-16 15:24:55'),
(1063, 'Villamaría', 17, '2022-06-16 15:24:55', '2022-06-16 15:24:55'),
(1064, 'Villanueva', 13, '2022-06-16 15:24:55', '2022-06-16 15:24:55'),
(1065, 'Villanueva', 44, '2022-06-16 15:24:55', '2022-06-16 15:24:55'),
(1066, 'Villanueva', 68, '2022-06-16 15:24:55', '2022-06-16 15:24:55'),
(1067, 'Villanueva', 85, '2022-06-16 15:24:55', '2022-06-16 15:24:55'),
(1068, 'Villapinzón', 25, '2022-06-16 15:24:55', '2022-06-16 15:24:55'),
(1069, 'Villarrica', 73, '2022-06-16 15:24:55', '2022-06-16 15:24:55'),
(1070, 'Villavicencio', 50, '2022-06-16 15:24:55', '2022-06-16 15:24:55'),
(1071, 'Villavieja', 41, '2022-06-16 15:24:55', '2022-06-16 15:24:55'),
(1072, 'Villeta', 25, '2022-06-16 15:24:55', '2022-06-16 15:24:55'),
(1073, 'Viotá', 25, '2022-06-16 15:24:55', '2022-06-16 15:24:55'),
(1074, 'Viracachá', 15, '2022-06-16 15:24:55', '2022-06-16 15:24:55'),
(1075, 'Vista Hermosa', 50, '2022-06-16 15:24:55', '2022-06-16 15:24:55'),
(1076, 'Viterbo', 17, '2022-06-16 15:24:55', '2022-06-16 15:24:55'),
(1077, 'Vélez', 68, '2022-06-16 15:24:55', '2022-06-16 15:24:55'),
(1078, 'Yacopí', 25, '2022-06-16 15:24:55', '2022-06-16 15:24:55'),
(1079, 'Yacuanquer', 52, '2022-06-16 15:24:55', '2022-06-16 15:24:55'),
(1080, 'Yaguará', 41, '2022-06-16 15:24:55', '2022-06-16 15:24:55'),
(1081, 'Yalí', 5, '2022-06-16 15:24:55', '2022-06-16 15:24:55'),
(1082, 'Yarumal', 5, '2022-06-16 15:24:55', '2022-06-16 15:24:55'),
(1083, 'Yolombó', 5, '2022-06-16 15:24:55', '2022-06-16 15:24:55'),
(1084, 'Yondó (Casabe)', 5, '2022-06-16 15:24:55', '2022-06-16 15:24:55'),
(1085, 'Yopal', 85, '2022-06-16 15:24:55', '2022-06-16 15:24:55'),
(1086, 'Yotoco', 76, '2022-06-16 15:24:55', '2022-06-16 15:24:55'),
(1087, 'Yumbo', 76, '2022-06-16 15:24:55', '2022-06-16 15:24:55'),
(1088, 'Zambrano', 13, '2022-06-16 15:24:55', '2022-06-16 15:24:55'),
(1089, 'Zapatoca', 68, '2022-06-16 15:24:55', '2022-06-16 15:24:55'),
(1090, 'Zapayán (PUNTA DE PIEDRAS)', 47, '2022-06-16 15:24:55', '2022-06-16 15:24:55'),
(1091, 'Zaragoza', 5, '2022-06-16 15:24:55', '2022-06-16 15:24:55'),
(1092, 'Zarzal', 76, '2022-06-16 15:24:55', '2022-06-16 15:24:55'),
(1093, 'Zetaquirá', 15, '2022-06-16 15:24:55', '2022-06-16 15:24:55'),
(1094, 'Zipacón', 25, '2022-06-16 15:24:55', '2022-06-16 15:24:55'),
(1095, 'Zipaquirá', 25, '2022-06-16 15:24:55', '2022-06-16 15:24:55'),
(1096, 'Zona Bananera (PRADO - SEVILLA)', 47, '2022-06-16 15:24:55', '2022-06-16 15:24:55'),
(1097, 'Ábrego', 54, '2022-06-16 15:24:55', '2022-06-16 15:24:55'),
(1098, 'Íquira', 41, '2022-06-16 15:24:55', '2022-06-16 15:24:55'),
(1099, 'Úmbita', 15, '2022-06-16 15:24:55', '2022-06-16 15:24:55'),
(1100, 'Útica', 25, '2022-06-16 15:24:55', '2022-06-16 15:24:55');

-- --------------------------------------------------------

--
-- Estructura de tabla para la tabla `comments`
--

CREATE TABLE `comments` (
  `id` bigint(20) UNSIGNED NOT NULL,
  `comment` varchar(255) COLLATE utf8mb4_unicode_ci NOT NULL,
  `student_id` bigint(20) UNSIGNED NOT NULL,
  `created_at` timestamp NULL DEFAULT NULL,
  `updated_at` timestamp NULL DEFAULT NULL
) ENGINE=InnoDB DEFAULT CHARSET=utf8mb4 COLLATE=utf8mb4_unicode_ci;

--
-- Volcado de datos para la tabla `comments`
--

INSERT INTO `comments` (`id`, `comment`, `student_id`, `created_at`, `updated_at`) VALUES
(6, 'El plan de estudios es de los mejores que he evaluado. La conectividad me permite realizar cualquier tarea en cualquier lugar del campus.', 11, '2022-06-30 03:38:22', '2022-06-30 03:38:22'),
(7, 'Lorem ipsum dolorem amet. Lorem ipsum dolor sit amet. Lorem ipsum dolor sit amet', 12, '2022-06-30 03:39:52', '2022-06-30 03:39:52'),
(8, 'Comentario 13. Lorem ipsum dolor sit amet. Lorem ipsum dolor sit amet. Lorem ipsum dolor sit amet', 13, '2022-06-30 03:40:09', '2022-06-30 03:40:09'),
(9, 'Otro 11. Lorem ipsum dolor sit amet. Lorem ipsum dolor sit amet. Lorem ipsum dolor sit amet', 11, '2022-06-30 03:40:20', '2022-06-30 03:40:20'),
(10, 'Otro 12. Lorem ipsum dolor sit amet. Lorem ipsum dolor sit amet. Lorem ipsum dolor sit amet. Lorem ipsum dolor sit amet. Lorem ipsum dolor sit amet. Lorem ipsum dolor sit amet', 12, '2022-06-30 03:40:31', '2022-06-30 03:40:31'),
(11, 'Otro 13. Lorem ipsum dolor sit amet. Lorem ipsum dolor sit amet. Lorem ipsum dolor sit amet. Lorem ipsum dolor sit amet. Lorem ipsum dolor sit amet. Lorem ipsum dolor sit amet', 13, '2022-06-30 03:40:46', '2022-06-30 03:40:46');

-- --------------------------------------------------------

--
-- Estructura de tabla para la tabla `convenios`
--

CREATE TABLE `convenios` (
  `id` bigint(20) UNSIGNED NOT NULL,
  `title` varchar(255) COLLATE utf8mb4_unicode_ci NOT NULL,
  `image` varchar(255) COLLATE utf8mb4_unicode_ci DEFAULT NULL,
  `about` longtext COLLATE utf8mb4_unicode_ci NOT NULL,
  `university_id` bigint(20) UNSIGNED NOT NULL,
  `created_at` timestamp NULL DEFAULT NULL,
  `updated_at` timestamp NULL DEFAULT NULL
) ENGINE=InnoDB DEFAULT CHARSET=utf8mb4 COLLATE=utf8mb4_unicode_ci;

-- --------------------------------------------------------

--
-- Estructura de tabla para la tabla `countries`
--

CREATE TABLE `countries` (
  `id` bigint(20) UNSIGNED NOT NULL,
  `name` varchar(255) COLLATE utf8mb4_unicode_ci NOT NULL,
  `created_at` timestamp NULL DEFAULT NULL,
  `updated_at` timestamp NULL DEFAULT NULL
) ENGINE=InnoDB DEFAULT CHARSET=utf8mb4 COLLATE=utf8mb4_unicode_ci;

--
-- Volcado de datos para la tabla `countries`
--

INSERT INTO `countries` (`id`, `name`, `created_at`, `updated_at`) VALUES
(1, 'Colombia', '2022-06-30 02:25:55', '2022-06-30 02:25:55'),
(2, 'Honduras', '2022-06-30 02:25:56', '2022-06-30 02:25:56'),
(3, 'Panama', '2022-06-30 02:25:56', '2022-06-30 02:25:56'),
(4, 'Monaco', '2022-06-30 02:25:57', '2022-06-30 02:25:57'),
(5, 'Libyan Arab Jamahiriya', '2022-06-30 02:25:57', '2022-06-30 02:25:57'),
(6, 'Gibraltar', '2022-06-30 02:25:58', '2022-06-30 02:25:58'),
(7, 'Malaysia', '2022-06-30 02:25:58', '2022-06-30 02:25:58'),
(8, 'Slovenia', '2022-06-30 02:25:58', '2022-06-30 02:25:58'),
(9, 'Korea', '2022-06-30 02:25:59', '2022-06-30 02:25:59'),
(10, 'Honduras', '2022-06-30 02:25:59', '2022-06-30 02:25:59'),
(11, 'United States Minor Outlying Islands', '2022-06-30 02:26:01', '2022-06-30 02:26:01'),
(12, 'Georgia', '2022-06-30 02:26:01', '2022-06-30 02:26:01'),
(13, 'American Samoa', '2022-06-30 02:26:01', '2022-06-30 02:26:01'),
(14, 'Saint Vincent and the Grenadines', '2022-06-30 02:26:02', '2022-06-30 02:26:02'),
(15, 'Germany', '2022-06-30 02:26:02', '2022-06-30 02:26:02'),
(16, 'Italy', '2022-06-30 02:26:04', '2022-06-30 02:26:04'),
(17, 'Egypt', '2022-06-30 02:26:04', '2022-06-30 02:26:04'),
(18, 'Australia', '2022-06-30 02:26:04', '2022-06-30 02:26:04'),
(19, 'Gabon', '2022-06-30 02:26:04', '2022-06-30 02:26:04'),
(20, 'Mozambique', '2022-06-30 02:26:05', '2022-06-30 02:26:05'),
(21, 'Morocco', '2022-06-30 02:26:05', '2022-06-30 02:26:05'),
(22, 'Macedonia', '2022-06-30 02:26:06', '2022-06-30 02:26:06'),
(23, 'Guinea', '2022-06-30 02:26:06', '2022-06-30 02:26:06'),
(24, 'Bulgaria', '2022-06-30 02:26:06', '2022-06-30 02:26:06'),
(25, 'Mauritania', '2022-06-30 02:26:07', '2022-06-30 02:26:07'),
(26, 'Saint Pierre and Miquelon', '2022-06-30 02:26:07', '2022-06-30 02:26:07'),
(27, 'Puerto Rico', '2022-06-30 02:26:08', '2022-06-30 02:26:08'),
(28, 'Christmas Island', '2022-06-30 02:26:08', '2022-06-30 02:26:08'),
(29, 'Antigua and Barbuda', '2022-06-30 02:26:08', '2022-06-30 02:26:08'),
(30, 'Georgia', '2022-06-30 02:26:09', '2022-06-30 02:26:09'),
(31, 'Anguilla', '2022-06-30 02:26:09', '2022-06-30 02:26:09'),
(32, 'French Southern Territories', '2022-06-30 02:26:09', '2022-06-30 02:26:09'),
(33, 'Svalbard & Jan Mayen Islands', '2022-06-30 02:26:09', '2022-06-30 02:26:09'),
(34, 'Senegal', '2022-06-30 02:26:10', '2022-06-30 02:26:10'),
(35, 'Jersey', '2022-06-30 02:26:10', '2022-06-30 02:26:10'),
(36, 'British Virgin Islands', '2022-06-30 02:26:11', '2022-06-30 02:26:11'),
(37, 'Angola', '2022-06-30 02:26:11', '2022-06-30 02:26:11'),
(38, 'Saint Lucia', '2022-06-30 02:26:11', '2022-06-30 02:26:11'),
(39, 'Zambia', '2022-06-30 02:26:11', '2022-06-30 02:26:11'),
(40, 'Puerto Rico', '2022-06-30 02:26:11', '2022-06-30 02:26:11'),
(41, 'Netherlands', '2022-06-30 02:26:12', '2022-06-30 02:26:12'),
(42, 'Andorra', '2022-06-30 02:26:12', '2022-06-30 02:26:12'),
(43, 'Indonesia', '2022-06-30 02:26:13', '2022-06-30 02:26:13'),
(44, 'Congo', '2022-06-30 02:26:14', '2022-06-30 02:26:14'),
(45, 'Saint Barthelemy', '2022-06-30 02:26:14', '2022-06-30 02:26:14'),
(46, 'Faroe Islands', '2022-06-30 02:26:14', '2022-06-30 02:26:14'),
(47, 'Puerto Rico', '2022-06-30 02:26:15', '2022-06-30 02:26:15'),
(48, 'Austria', '2022-06-30 02:26:15', '2022-06-30 02:26:15'),
(49, 'Norfolk Island', '2022-06-30 02:26:15', '2022-06-30 02:26:15'),
(50, 'Namibia', '2022-06-30 02:26:15', '2022-06-30 02:26:15'),
(51, 'Austria', '2022-06-30 02:26:15', '2022-06-30 02:26:15'),
(52, 'Kyrgyz Republic', '2022-06-30 02:26:15', '2022-06-30 02:26:15'),
(53, 'Norfolk Island', '2022-06-30 02:26:15', '2022-06-30 02:26:15'),
(54, 'Faroe Islands', '2022-06-30 02:26:15', '2022-06-30 02:26:15'),
(55, 'Guam', '2022-06-30 02:26:15', '2022-06-30 02:26:15'),
(56, 'Austria', '2022-06-30 02:26:15', '2022-06-30 02:26:15'),
(57, 'Slovenia', '2022-06-30 02:26:16', '2022-06-30 02:26:16'),
(58, 'Namibia', '2022-06-30 02:26:16', '2022-06-30 02:26:16'),
(59, 'Macedonia', '2022-06-30 02:26:16', '2022-06-30 02:26:16'),
(60, 'Bermuda', '2022-06-30 02:26:16', '2022-06-30 02:26:16'),
(61, 'Dominica', '2022-06-30 02:26:17', '2022-06-30 02:26:17'),
(62, 'Kuwait', '2022-06-30 02:26:17', '2022-06-30 02:26:17'),
(63, 'Nicaragua', '2022-06-30 02:26:18', '2022-06-30 02:26:18'),
(64, 'Poland', '2022-06-30 02:26:18', '2022-06-30 02:26:18'),
(65, 'French Polynesia', '2022-06-30 02:26:18', '2022-06-30 02:26:18'),
(66, 'Afghanistan', '2022-06-30 02:26:19', '2022-06-30 02:26:19'),
(67, 'Singapore', '2022-06-30 02:26:19', '2022-06-30 02:26:19'),
(68, 'Egypt', '2022-06-30 02:26:19', '2022-06-30 02:26:19'),
(69, 'Estonia', '2022-06-30 02:26:20', '2022-06-30 02:26:20'),
(70, 'Jersey', '2022-06-30 02:26:20', '2022-06-30 02:26:20'),
(71, 'Egypt', '2022-06-30 02:26:20', '2022-06-30 02:26:20'),
(72, 'Congo', '2022-06-30 02:26:21', '2022-06-30 02:26:21'),
(73, 'Antigua and Barbuda', '2022-06-30 02:26:22', '2022-06-30 02:26:22'),
(74, 'Sudan', '2022-06-30 02:26:22', '2022-06-30 02:26:22'),
(75, 'Tuvalu', '2022-06-30 02:26:23', '2022-06-30 02:26:23'),
(76, 'Burkina Faso', '2022-06-30 02:26:24', '2022-06-30 02:26:24'),
(77, 'Iran', '2022-06-30 02:26:24', '2022-06-30 02:26:24'),
(78, 'Gabon', '2022-06-30 02:26:24', '2022-06-30 02:26:24'),
(79, 'Maldives', '2022-06-30 02:26:25', '2022-06-30 02:26:25'),
(80, 'Comoros', '2022-06-30 02:26:25', '2022-06-30 02:26:25'),
(81, 'Norfolk Island', '2022-06-30 02:26:25', '2022-06-30 02:26:25'),
(82, 'Liberia', '2022-06-30 02:26:26', '2022-06-30 02:26:26'),
(83, 'Guyana', '2022-06-30 02:26:26', '2022-06-30 02:26:26'),
(84, 'Saint Lucia', '2022-06-30 02:26:26', '2022-06-30 02:26:26'),
(85, 'Yemen', '2022-06-30 02:26:26', '2022-06-30 02:26:26'),
(86, 'Faroe Islands', '2022-06-30 02:26:27', '2022-06-30 02:26:27'),
(87, 'Croatia', '2022-06-30 02:26:27', '2022-06-30 02:26:27'),
(88, 'Cocos (Keeling) Islands', '2022-06-30 02:26:28', '2022-06-30 02:26:28'),
(89, 'Brunei Darussalam', '2022-06-30 02:26:28', '2022-06-30 02:26:28'),
(90, 'Albania', '2022-06-30 02:26:28', '2022-06-30 02:26:28'),
(91, 'Micronesia', '2022-06-30 02:26:29', '2022-06-30 02:26:29'),
(92, 'Saint Kitts and Nevis', '2022-06-30 02:26:30', '2022-06-30 02:26:30'),
(93, 'Switzerland', '2022-06-30 02:26:30', '2022-06-30 02:26:30'),
(94, 'Nepal', '2022-06-30 02:26:30', '2022-06-30 02:26:30'),
(95, 'Saint Helena', '2022-06-30 02:26:31', '2022-06-30 02:26:31'),
(96, 'Paraguay', '2022-06-30 02:26:31', '2022-06-30 02:26:31'),
(97, 'Bhutan', '2022-06-30 02:26:31', '2022-06-30 02:26:31'),
(98, 'Uzbekistan', '2022-06-30 02:26:31', '2022-06-30 02:26:31'),
(99, 'Slovakia (Slovak Republic)', '2022-06-30 02:26:32', '2022-06-30 02:26:32'),
(100, 'Namibia', '2022-06-30 02:26:32', '2022-06-30 02:26:32'),
(101, 'American Samoa', '2022-06-30 02:26:34', '2022-06-30 02:26:34'),
(102, 'Nepal', '2022-06-30 02:26:34', '2022-06-30 02:26:34'),
(103, 'Lesotho', '2022-06-30 02:26:34', '2022-06-30 02:26:34'),
(104, 'Gambia', '2022-06-30 02:26:34', '2022-06-30 02:26:34'),
(105, 'Sierra Leone', '2022-06-30 02:26:34', '2022-06-30 02:26:34'),
(106, 'Heard Island and McDonald Islands', '2022-06-30 02:26:35', '2022-06-30 02:26:35'),
(107, 'Kazakhstan', '2022-06-30 02:26:36', '2022-06-30 02:26:36'),
(108, 'Bahamas', '2022-06-30 02:26:36', '2022-06-30 02:26:36'),
(109, 'El Salvador', '2022-06-30 02:26:36', '2022-06-30 02:26:36'),
(110, 'Croatia', '2022-06-30 02:26:37', '2022-06-30 02:26:37');

-- --------------------------------------------------------

--
-- Estructura de tabla para la tabla `departments`
--

CREATE TABLE `departments` (
  `id` bigint(20) UNSIGNED NOT NULL,
  `name` longtext COLLATE utf8mb4_unicode_ci NOT NULL,
  `country_id` bigint(20) UNSIGNED NOT NULL,
  `created_at` timestamp NULL DEFAULT NULL,
  `updated_at` timestamp NULL DEFAULT NULL
) ENGINE=InnoDB DEFAULT CHARSET=utf8mb4 COLLATE=utf8mb4_unicode_ci;

--
-- Volcado de datos para la tabla `departments`
--

INSERT INTO `departments` (`id`, `name`, `country_id`, `created_at`, `updated_at`) VALUES
(5, 'ANTIOQUIA', 1, NULL, NULL),
(8, 'ATLÁNTICO', 1, NULL, NULL),
(11, 'BOGOTÁ, D.C.', 1, NULL, NULL),
(13, 'BOLÍVAR', 1, NULL, NULL),
(15, 'BOYACÁ', 1, NULL, NULL),
(17, 'CALDAS', 1, NULL, NULL),
(18, 'CAQUETÁ', 1, NULL, NULL),
(19, 'CAUCA', 1, NULL, NULL),
(20, 'CESAR', 1, NULL, NULL),
(23, 'CÓRDOBA', 1, NULL, NULL),
(25, 'CUNDINAMARCA', 1, NULL, NULL),
(27, 'CHOCÓ', 1, NULL, NULL),
(41, 'HUILA', 1, NULL, NULL),
(44, 'LA GUAJIRA', 1, NULL, NULL),
(47, 'MAGDALENA', 1, NULL, NULL),
(50, 'META', 1, NULL, NULL),
(52, 'NARIÑO', 1, NULL, NULL),
(54, 'NORTE DE SANTANDER', 1, NULL, NULL),
(63, 'QUINDIO', 1, NULL, NULL),
(66, 'RISARALDA', 1, NULL, NULL),
(68, 'SANTANDER', 1, NULL, NULL),
(70, 'SUCRE', 1, NULL, NULL),
(73, 'TOLIMA', 1, NULL, NULL),
(76, 'VALLE DEL CAUCA', 1, NULL, NULL),
(81, 'ARAUCA', 1, NULL, NULL),
(85, 'CASANARE', 1, NULL, NULL),
(86, 'PUTUMAYO', 1, NULL, NULL),
(88, 'ARCHIPIÉLAGO DE SAN ANDRÉS, PROVIDENCIA Y SANTA CATALINA', 1, NULL, NULL),
(91, 'AMAZONAS', 1, NULL, NULL),
(94, 'GUAINÍA', 1, NULL, NULL),
(95, 'GUAVIARE', 1, NULL, NULL),
(97, 'VAUPÉS', 1, NULL, NULL),
(99, 'VICHADA', 1, NULL, NULL);

-- --------------------------------------------------------

--
-- Estructura de tabla para la tabla `economies`
--

CREATE TABLE `economies` (
  `id` bigint(20) UNSIGNED NOT NULL,
  `financiacion` double NOT NULL,
  `becas_auxilio` double NOT NULL,
  `costos_calidad` double NOT NULL,
  `costos_manutencion` double NOT NULL,
  `costos_parqueadero` double NOT NULL,
  `academic_program_id` bigint(20) UNSIGNED NOT NULL,
  `created_at` timestamp NULL DEFAULT NULL,
  `updated_at` timestamp NULL DEFAULT NULL
) ENGINE=InnoDB DEFAULT CHARSET=utf8mb4 COLLATE=utf8mb4_unicode_ci;

--
-- Volcado de datos para la tabla `economies`
--

INSERT INTO `economies` (`id`, `financiacion`, `becas_auxilio`, `costos_calidad`, `costos_manutencion`, `costos_parqueadero`, `academic_program_id`, `created_at`, `updated_at`) VALUES
(6, 99, 100, 95, 98, 79, 6, NULL, NULL),
(7, 99, 100, 100, 98, 100, 7, NULL, NULL),
(8, 90, 100, 90, 100, 100, 8, NULL, NULL);

-- --------------------------------------------------------

--
-- Estructura de tabla para la tabla `education_levels`
--

CREATE TABLE `education_levels` (
  `id` bigint(20) UNSIGNED NOT NULL,
  `name` varchar(255) COLLATE utf8mb4_unicode_ci NOT NULL,
  `created_at` timestamp NULL DEFAULT NULL,
  `updated_at` timestamp NULL DEFAULT NULL
) ENGINE=InnoDB DEFAULT CHARSET=utf8mb4 COLLATE=utf8mb4_unicode_ci;

--
-- Volcado de datos para la tabla `education_levels`
--

INSERT INTO `education_levels` (`id`, `name`, `created_at`, `updated_at`) VALUES
(6, 'Especialización médico quirúrgica', '2022-06-16 15:48:05', '2022-06-16 15:48:05'),
(7, 'Especialización tecnológica', '2022-06-16 15:48:19', '2022-06-16 15:48:19'),
(8, 'Especialización universitaria', '2022-06-16 15:48:33', '2022-06-16 15:48:33'),
(9, 'Maestría', '2022-06-16 15:48:47', '2022-06-16 15:48:47'),
(11, 'Técnica profesional', '2022-06-16 15:49:11', '2022-06-16 15:49:11'),
(12, 'Universitaria', '2022-06-16 15:49:24', '2022-06-16 15:49:24'),
(13, 'Tecnológica', '2022-06-16 15:50:16', '2022-06-16 15:50:16');

-- --------------------------------------------------------

--
-- Estructura de tabla para la tabla `failed_jobs`
--

CREATE TABLE `failed_jobs` (
  `id` bigint(20) UNSIGNED NOT NULL,
  `uuid` varchar(255) COLLATE utf8mb4_unicode_ci NOT NULL,
  `connection` text COLLATE utf8mb4_unicode_ci NOT NULL,
  `queue` text COLLATE utf8mb4_unicode_ci NOT NULL,
  `payload` longtext COLLATE utf8mb4_unicode_ci NOT NULL,
  `exception` longtext COLLATE utf8mb4_unicode_ci NOT NULL,
  `failed_at` timestamp NOT NULL DEFAULT current_timestamp()
) ENGINE=InnoDB DEFAULT CHARSET=utf8mb4 COLLATE=utf8mb4_unicode_ci;

-- --------------------------------------------------------

--
-- Estructura de tabla para la tabla `internalizations`
--

CREATE TABLE `internalizations` (
  `id` bigint(20) UNSIGNED NOT NULL,
  `intercambios_movilidad` double NOT NULL,
  `facilidad_acceso` double NOT NULL,
  `relevancia_internacional` double NOT NULL,
  `convenios_internacionales` double NOT NULL,
  `segundo_idioma` double NOT NULL,
  `academic_program_id` bigint(20) UNSIGNED NOT NULL,
  `created_at` timestamp NULL DEFAULT NULL,
  `updated_at` timestamp NULL DEFAULT NULL
) ENGINE=InnoDB DEFAULT CHARSET=utf8mb4 COLLATE=utf8mb4_unicode_ci;

--
-- Volcado de datos para la tabla `internalizations`
--

INSERT INTO `internalizations` (`id`, `intercambios_movilidad`, `facilidad_acceso`, `relevancia_internacional`, `convenios_internacionales`, `segundo_idioma`, `academic_program_id`, `created_at`, `updated_at`) VALUES
(6, 100, 99, 99, 100, 95, 6, NULL, NULL),
(7, 90, 99, 95, 100, 95, 7, NULL, NULL),
(8, 88, 99, 95, 89, 95, 8, NULL, NULL);

-- --------------------------------------------------------

--
-- Estructura de tabla para la tabla `knowledge_areas`
--

CREATE TABLE `knowledge_areas` (
  `id` bigint(20) UNSIGNED NOT NULL,
  `name` longtext COLLATE utf8mb4_unicode_ci NOT NULL,
  `created_at` timestamp NULL DEFAULT NULL,
  `updated_at` timestamp NULL DEFAULT NULL
) ENGINE=InnoDB DEFAULT CHARSET=utf8mb4 COLLATE=utf8mb4_unicode_ci;

--
-- Volcado de datos para la tabla `knowledge_areas`
--

INSERT INTO `knowledge_areas` (`id`, `name`, `created_at`, `updated_at`) VALUES
(6, 'Agronomía, veterinaria y afines', '2022-06-16 15:42:36', '2022-06-16 16:10:39'),
(7, 'Bellas artes', '2022-06-16 15:42:56', '2022-06-16 15:42:56'),
(8, 'Ciencias de la educación', '2022-06-16 15:43:10', '2022-06-16 15:43:10'),
(9, 'Ciencias de la salud', '2022-06-16 15:43:23', '2022-06-16 15:43:23'),
(10, 'Ciencias sociales y humanas', '2022-06-16 15:43:38', '2022-06-16 15:43:38'),
(11, 'Economía, administración, contaduría y afines', '2022-06-16 15:43:52', '2022-06-16 16:10:26'),
(12, 'Ingeniería, arquitectura, urbanismo y afines', '2022-06-16 15:44:06', '2022-06-16 16:10:15'),
(13, 'Matemáticas y ciencias naturales', '2022-06-16 15:44:22', '2022-06-16 15:44:22'),
(14, 'Sin clasificar', '2022-06-16 15:44:35', '2022-06-16 15:44:35');

-- --------------------------------------------------------

--
-- Estructura de tabla para la tabla `life_styles`
--

CREATE TABLE `life_styles` (
  `id` bigint(20) UNSIGNED NOT NULL,
  `ambiente` double NOT NULL,
  `diversion_ocio` double NOT NULL,
  `descanso_relax` double NOT NULL,
  `cultura_ecologica` double NOT NULL,
  `servicio_estudiante` double NOT NULL,
  `academic_program_id` bigint(20) UNSIGNED NOT NULL,
  `created_at` timestamp NULL DEFAULT NULL,
  `updated_at` timestamp NULL DEFAULT NULL
) ENGINE=InnoDB DEFAULT CHARSET=utf8mb4 COLLATE=utf8mb4_unicode_ci;

--
-- Volcado de datos para la tabla `life_styles`
--

INSERT INTO `life_styles` (`id`, `ambiente`, `diversion_ocio`, `descanso_relax`, `cultura_ecologica`, `servicio_estudiante`, `academic_program_id`, `created_at`, `updated_at`) VALUES
(6, 88, 99, 95, 89, 95, 6, NULL, NULL),
(7, 100, 99, 100, 95, 95, 7, NULL, NULL),
(8, 100, 99, 100, 100, 100, 8, NULL, NULL);

-- --------------------------------------------------------

--
-- Estructura de tabla para la tabla `media`
--

CREATE TABLE `media` (
  `id` bigint(20) UNSIGNED NOT NULL,
  `name` varchar(255) COLLATE utf8mb4_unicode_ci NOT NULL,
  `path` varchar(255) COLLATE utf8mb4_unicode_ci NOT NULL,
  `url` varchar(255) COLLATE utf8mb4_unicode_ci DEFAULT NULL,
  `media_type_id` bigint(20) UNSIGNED NOT NULL,
  `university_id` bigint(20) UNSIGNED NOT NULL,
  `created_at` timestamp NULL DEFAULT NULL,
  `updated_at` timestamp NULL DEFAULT NULL
) ENGINE=InnoDB DEFAULT CHARSET=utf8mb4 COLLATE=utf8mb4_unicode_ci;

--
-- Volcado de datos para la tabla `media`
--

INSERT INTO `media` (`id`, `name`, `path`, `url`, `media_type_id`, `university_id`, `created_at`, `updated_at`) VALUES
(6, 'Video Promocional', 'videos', 'http://www.youtube.com', 2, 1, '2022-06-30 03:46:06', '2022-06-30 03:46:06'),
(7, 'Imagen promocional', 'img', NULL, 1, 1, '2022-06-30 03:46:29', '2022-06-30 03:46:29');

-- --------------------------------------------------------

--
-- Estructura de tabla para la tabla `media_types`
--

CREATE TABLE `media_types` (
  `id` bigint(20) UNSIGNED NOT NULL,
  `type` varchar(255) COLLATE utf8mb4_unicode_ci NOT NULL,
  `created_at` timestamp NULL DEFAULT NULL,
  `updated_at` timestamp NULL DEFAULT NULL
) ENGINE=InnoDB DEFAULT CHARSET=utf8mb4 COLLATE=utf8mb4_unicode_ci;

--
-- Volcado de datos para la tabla `media_types`
--

INSERT INTO `media_types` (`id`, `type`, `created_at`, `updated_at`) VALUES
(1, 'image', '2022-06-30 02:26:20', '2022-06-30 02:26:20'),
(2, 'video', '2022-06-30 02:26:21', '2022-06-30 02:26:21');

-- --------------------------------------------------------

--
-- Estructura de tabla para la tabla `migrations`
--

CREATE TABLE `migrations` (
  `id` int(10) UNSIGNED NOT NULL,
  `migration` varchar(255) COLLATE utf8mb4_unicode_ci NOT NULL,
  `batch` int(11) NOT NULL
) ENGINE=InnoDB DEFAULT CHARSET=utf8mb4 COLLATE=utf8mb4_unicode_ci;

--
-- Volcado de datos para la tabla `migrations`
--

INSERT INTO `migrations` (`id`, `migration`, `batch`) VALUES
(1, '2014_10_12_000000_create_users_table', 1),
(2, '2014_10_12_100000_create_password_resets_table', 1),
(3, '2019_08_19_000000_create_failed_jobs_table', 1),
(4, '2019_12_14_000001_create_personal_access_tokens_table', 1),
(5, '2022_06_10_000000_create_academic_levels_table', 1),
(6, '2022_06_10_000001_create_academic_programs_table', 1),
(7, '2022_06_10_000002_create_academies_table', 1),
(8, '2022_06_10_000002_create_agreements_table', 1),
(9, '2022_06_10_000002_create_basic_cores_table', 1),
(10, '2022_06_10_000003_create_becas_table', 1),
(11, '2022_06_10_000003_create_cities_table', 1),
(12, '2022_06_10_000004_create_benefits_table', 1),
(13, '2022_06_10_000004_create_countries_table', 1),
(14, '2022_06_10_000004_create_departments_table', 1),
(15, '2022_06_10_000005_create_bonds_table', 1),
(16, '2022_06_10_000005_create_education_levels_table', 1),
(17, '2022_06_10_000005_create_knowledge_areas_table', 1),
(18, '2022_06_10_000006_create_campuses_table', 1),
(19, '2022_06_10_000006_create_modalities_table', 1),
(20, '2022_06_10_000006_create_universities_table', 1),
(21, '2022_06_10_000007_create_comments_table', 1),
(22, '2022_06_10_000008_create_economies_table', 1),
(23, '2022_06_10_000009_create_internalizations_table', 1),
(24, '2022_06_10_000010_create_life_styles_table', 1),
(25, '2022_06_10_000011_create_media_types_table', 1),
(26, '2022_06_10_000012_create_prestiges_table', 1),
(27, '2022_06_10_000013_create_rectorias_table', 1),
(28, '2022_06_10_000014_create_requeriments_table', 1),
(29, '2022_06_10_000015_create_students_table', 1),
(30, '2022_06_10_000016_create_wellnesses_table', 1),
(31, '2022_06_10_000017_create_zones_table', 1),
(32, '2022_06_10_000018_create_media_table', 1),
(33, '2022_06_10_009001_add_foreigns_to_academic_programs_table', 1),
(34, '2022_06_10_009002_add_foreigns_to_academies_table', 1),
(35, '2022_06_10_009002_add_foreigns_to_agreements_table', 1),
(36, '2022_06_10_009002_add_foreigns_to_basic_cores_table', 1),
(37, '2022_06_10_009003_add_foreigns_to_becas_table', 1),
(38, '2022_06_10_009003_add_foreigns_to_cities_table', 1),
(39, '2022_06_10_009004_add_foreigns_to_benefits_table', 1),
(40, '2022_06_10_009004_add_foreigns_to_departments_table', 1),
(41, '2022_06_10_009005_add_foreigns_to_bonds_table', 1),
(42, '2022_06_10_009005_add_foreigns_to_universities_table', 1),
(43, '2022_06_10_009006_add_foreigns_to_campuses_table', 1),
(44, '2022_06_10_009007_add_foreigns_to_comments_table', 1),
(45, '2022_06_10_009008_add_foreigns_to_economies_table', 1),
(46, '2022_06_10_009009_add_foreigns_to_internalizations_table', 1),
(47, '2022_06_10_009010_add_foreigns_to_life_styles_table', 1),
(48, '2022_06_10_009011_add_foreigns_to_prestiges_table', 1),
(49, '2022_06_10_009012_add_foreigns_to_rectorias_table', 1),
(50, '2022_06_10_009013_add_foreigns_to_requeriments_table', 1),
(51, '2022_06_10_009014_add_foreigns_to_students_table', 1),
(52, '2022_06_10_009015_add_foreigns_to_wellnesses_table', 1),
(53, '2022_06_10_009016_add_foreigns_to_zones_table', 1),
(54, '2022_06_10_009017_add_foreigns_to_media_table', 1),
(55, '2022_06_14_215339_create_permission_tables', 1);

-- --------------------------------------------------------

--
-- Estructura de tabla para la tabla `modalities`
--

CREATE TABLE `modalities` (
  `id` bigint(20) UNSIGNED NOT NULL,
  `name` varchar(255) COLLATE utf8mb4_unicode_ci NOT NULL,
  `created_at` timestamp NULL DEFAULT NULL,
  `updated_at` timestamp NULL DEFAULT NULL
) ENGINE=InnoDB DEFAULT CHARSET=utf8mb4 COLLATE=utf8mb4_unicode_ci;

--
-- Volcado de datos para la tabla `modalities`
--

INSERT INTO `modalities` (`id`, `name`, `created_at`, `updated_at`) VALUES
(6, 'A distancia', '2022-06-16 15:51:21', '2022-06-16 15:51:21'),
(7, 'Dual', '2022-06-16 15:51:34', '2022-06-16 15:51:34'),
(8, 'Presencial', '2022-06-16 15:51:52', '2022-06-16 15:51:52'),
(9, 'Presencial-Virtual', '2022-06-16 15:52:06', '2022-06-16 15:52:06'),
(10, 'Virtual', '2022-06-16 15:52:19', '2022-06-16 15:52:19');

-- --------------------------------------------------------

--
-- Estructura de tabla para la tabla `model_has_permissions`
--

CREATE TABLE `model_has_permissions` (
  `permission_id` bigint(20) UNSIGNED NOT NULL,
  `model_type` varchar(255) COLLATE utf8mb4_unicode_ci NOT NULL,
  `model_id` bigint(20) UNSIGNED NOT NULL
) ENGINE=InnoDB DEFAULT CHARSET=utf8mb4 COLLATE=utf8mb4_unicode_ci;

-- --------------------------------------------------------

--
-- Estructura de tabla para la tabla `model_has_roles`
--

CREATE TABLE `model_has_roles` (
  `role_id` bigint(20) UNSIGNED NOT NULL,
  `model_type` varchar(255) COLLATE utf8mb4_unicode_ci NOT NULL,
  `model_id` bigint(20) UNSIGNED NOT NULL
) ENGINE=InnoDB DEFAULT CHARSET=utf8mb4 COLLATE=utf8mb4_unicode_ci;

--
-- Volcado de datos para la tabla `model_has_roles`
--

INSERT INTO `model_has_roles` (`role_id`, `model_type`, `model_id`) VALUES
(2, 'App\\Models\\User', 1);

-- --------------------------------------------------------

--
-- Estructura de tabla para la tabla `password_resets`
--

CREATE TABLE `password_resets` (
  `email` varchar(255) COLLATE utf8mb4_unicode_ci NOT NULL,
  `token` varchar(255) COLLATE utf8mb4_unicode_ci NOT NULL,
  `created_at` timestamp NULL DEFAULT NULL
) ENGINE=InnoDB DEFAULT CHARSET=utf8mb4 COLLATE=utf8mb4_unicode_ci;

-- --------------------------------------------------------

--
-- Estructura de tabla para la tabla `permissions`
--

CREATE TABLE `permissions` (
  `id` bigint(20) UNSIGNED NOT NULL,
  `name` varchar(255) COLLATE utf8mb4_unicode_ci NOT NULL,
  `guard_name` varchar(255) COLLATE utf8mb4_unicode_ci NOT NULL,
  `created_at` timestamp NULL DEFAULT NULL,
  `updated_at` timestamp NULL DEFAULT NULL
) ENGINE=InnoDB DEFAULT CHARSET=utf8mb4 COLLATE=utf8mb4_unicode_ci;

--
-- Volcado de datos para la tabla `permissions`
--

INSERT INTO `permissions` (`id`, `name`, `guard_name`, `created_at`, `updated_at`) VALUES
(1, 'list academiclevels', 'web', '2022-06-30 02:25:35', '2022-06-30 02:25:35'),
(2, 'view academiclevels', 'web', '2022-06-30 02:25:35', '2022-06-30 02:25:35'),
(3, 'create academiclevels', 'web', '2022-06-30 02:25:35', '2022-06-30 02:25:35'),
(4, 'update academiclevels', 'web', '2022-06-30 02:25:35', '2022-06-30 02:25:35'),
(5, 'delete academiclevels', 'web', '2022-06-30 02:25:35', '2022-06-30 02:25:35'),
(6, 'list academicprograms', 'web', '2022-06-30 02:25:35', '2022-06-30 02:25:35'),
(7, 'view academicprograms', 'web', '2022-06-30 02:25:35', '2022-06-30 02:25:35'),
(8, 'create academicprograms', 'web', '2022-06-30 02:25:35', '2022-06-30 02:25:35'),
(9, 'update academicprograms', 'web', '2022-06-30 02:25:36', '2022-06-30 02:25:36'),
(10, 'delete academicprograms', 'web', '2022-06-30 02:25:36', '2022-06-30 02:25:36'),
(11, 'list academies', 'web', '2022-06-30 02:25:36', '2022-06-30 02:25:36'),
(12, 'view academies', 'web', '2022-06-30 02:25:36', '2022-06-30 02:25:36'),
(13, 'create academies', 'web', '2022-06-30 02:25:36', '2022-06-30 02:25:36'),
(14, 'update academies', 'web', '2022-06-30 02:25:36', '2022-06-30 02:25:36'),
(15, 'delete academies', 'web', '2022-06-30 02:25:36', '2022-06-30 02:25:36'),
(16, 'list agreements', 'web', '2022-06-30 02:25:36', '2022-06-30 02:25:36'),
(17, 'view agreements', 'web', '2022-06-30 02:25:36', '2022-06-30 02:25:36'),
(18, 'create agreements', 'web', '2022-06-30 02:25:36', '2022-06-30 02:25:36'),
(19, 'update agreements', 'web', '2022-06-30 02:25:36', '2022-06-30 02:25:36'),
(20, 'delete agreements', 'web', '2022-06-30 02:25:36', '2022-06-30 02:25:36'),
(21, 'list basiccores', 'web', '2022-06-30 02:25:36', '2022-06-30 02:25:36'),
(22, 'view basiccores', 'web', '2022-06-30 02:25:36', '2022-06-30 02:25:36'),
(23, 'create basiccores', 'web', '2022-06-30 02:25:36', '2022-06-30 02:25:36'),
(24, 'update basiccores', 'web', '2022-06-30 02:25:37', '2022-06-30 02:25:37'),
(25, 'delete basiccores', 'web', '2022-06-30 02:25:37', '2022-06-30 02:25:37'),
(26, 'list becas', 'web', '2022-06-30 02:25:37', '2022-06-30 02:25:37'),
(27, 'view becas', 'web', '2022-06-30 02:25:37', '2022-06-30 02:25:37'),
(28, 'create becas', 'web', '2022-06-30 02:25:37', '2022-06-30 02:25:37'),
(29, 'update becas', 'web', '2022-06-30 02:25:37', '2022-06-30 02:25:37'),
(30, 'delete becas', 'web', '2022-06-30 02:25:37', '2022-06-30 02:25:37'),
(31, 'list benefits', 'web', '2022-06-30 02:25:37', '2022-06-30 02:25:37'),
(32, 'view benefits', 'web', '2022-06-30 02:25:37', '2022-06-30 02:25:37'),
(33, 'create benefits', 'web', '2022-06-30 02:25:37', '2022-06-30 02:25:37'),
(34, 'update benefits', 'web', '2022-06-30 02:25:37', '2022-06-30 02:25:37'),
(35, 'delete benefits', 'web', '2022-06-30 02:25:37', '2022-06-30 02:25:37'),
(36, 'list bonds', 'web', '2022-06-30 02:25:37', '2022-06-30 02:25:37'),
(37, 'view bonds', 'web', '2022-06-30 02:25:37', '2022-06-30 02:25:37'),
(38, 'create bonds', 'web', '2022-06-30 02:25:37', '2022-06-30 02:25:37'),
(39, 'update bonds', 'web', '2022-06-30 02:25:37', '2022-06-30 02:25:37'),
(40, 'delete bonds', 'web', '2022-06-30 02:25:37', '2022-06-30 02:25:37'),
(41, 'list campuses', 'web', '2022-06-30 02:25:37', '2022-06-30 02:25:37'),
(42, 'view campuses', 'web', '2022-06-30 02:25:38', '2022-06-30 02:25:38'),
(43, 'create campuses', 'web', '2022-06-30 02:25:38', '2022-06-30 02:25:38'),
(44, 'update campuses', 'web', '2022-06-30 02:25:38', '2022-06-30 02:25:38'),
(45, 'delete campuses', 'web', '2022-06-30 02:25:38', '2022-06-30 02:25:38'),
(46, 'list cities', 'web', '2022-06-30 02:25:38', '2022-06-30 02:25:38'),
(47, 'view cities', 'web', '2022-06-30 02:25:38', '2022-06-30 02:25:38'),
(48, 'create cities', 'web', '2022-06-30 02:25:38', '2022-06-30 02:25:38'),
(49, 'update cities', 'web', '2022-06-30 02:25:38', '2022-06-30 02:25:38'),
(50, 'delete cities', 'web', '2022-06-30 02:25:38', '2022-06-30 02:25:38'),
(51, 'list comments', 'web', '2022-06-30 02:25:38', '2022-06-30 02:25:38'),
(52, 'view comments', 'web', '2022-06-30 02:25:38', '2022-06-30 02:25:38'),
(53, 'create comments', 'web', '2022-06-30 02:25:38', '2022-06-30 02:25:38'),
(54, 'update comments', 'web', '2022-06-30 02:25:38', '2022-06-30 02:25:38'),
(55, 'delete comments', 'web', '2022-06-30 02:25:38', '2022-06-30 02:25:38'),
(56, 'list countries', 'web', '2022-06-30 02:25:38', '2022-06-30 02:25:38'),
(57, 'view countries', 'web', '2022-06-30 02:25:38', '2022-06-30 02:25:38'),
(58, 'create countries', 'web', '2022-06-30 02:25:38', '2022-06-30 02:25:38'),
(59, 'update countries', 'web', '2022-06-30 02:25:38', '2022-06-30 02:25:38'),
(60, 'delete countries', 'web', '2022-06-30 02:25:38', '2022-06-30 02:25:38'),
(61, 'list departments', 'web', '2022-06-30 02:25:38', '2022-06-30 02:25:38'),
(62, 'view departments', 'web', '2022-06-30 02:25:39', '2022-06-30 02:25:39'),
(63, 'create departments', 'web', '2022-06-30 02:25:39', '2022-06-30 02:25:39'),
(64, 'update departments', 'web', '2022-06-30 02:25:39', '2022-06-30 02:25:39'),
(65, 'delete departments', 'web', '2022-06-30 02:25:39', '2022-06-30 02:25:39'),
(66, 'list economies', 'web', '2022-06-30 02:25:39', '2022-06-30 02:25:39'),
(67, 'view economies', 'web', '2022-06-30 02:25:39', '2022-06-30 02:25:39'),
(68, 'create economies', 'web', '2022-06-30 02:25:39', '2022-06-30 02:25:39'),
(69, 'update economies', 'web', '2022-06-30 02:25:39', '2022-06-30 02:25:39'),
(70, 'delete economies', 'web', '2022-06-30 02:25:39', '2022-06-30 02:25:39'),
(71, 'list educationlevels', 'web', '2022-06-30 02:25:39', '2022-06-30 02:25:39'),
(72, 'view educationlevels', 'web', '2022-06-30 02:25:39', '2022-06-30 02:25:39'),
(73, 'create educationlevels', 'web', '2022-06-30 02:25:39', '2022-06-30 02:25:39'),
(74, 'update educationlevels', 'web', '2022-06-30 02:25:39', '2022-06-30 02:25:39'),
(75, 'delete educationlevels', 'web', '2022-06-30 02:25:39', '2022-06-30 02:25:39'),
(76, 'list internalizations', 'web', '2022-06-30 02:25:39', '2022-06-30 02:25:39'),
(77, 'view internalizations', 'web', '2022-06-30 02:25:39', '2022-06-30 02:25:39'),
(78, 'create internalizations', 'web', '2022-06-30 02:25:39', '2022-06-30 02:25:39'),
(79, 'update internalizations', 'web', '2022-06-30 02:25:39', '2022-06-30 02:25:39'),
(80, 'delete internalizations', 'web', '2022-06-30 02:25:39', '2022-06-30 02:25:39'),
(81, 'list knowledgeareas', 'web', '2022-06-30 02:25:39', '2022-06-30 02:25:39'),
(82, 'view knowledgeareas', 'web', '2022-06-30 02:25:40', '2022-06-30 02:25:40'),
(83, 'create knowledgeareas', 'web', '2022-06-30 02:25:40', '2022-06-30 02:25:40'),
(84, 'update knowledgeareas', 'web', '2022-06-30 02:25:40', '2022-06-30 02:25:40'),
(85, 'delete knowledgeareas', 'web', '2022-06-30 02:25:40', '2022-06-30 02:25:40'),
(86, 'list lifestyles', 'web', '2022-06-30 02:25:40', '2022-06-30 02:25:40'),
(87, 'view lifestyles', 'web', '2022-06-30 02:25:40', '2022-06-30 02:25:40'),
(88, 'create lifestyles', 'web', '2022-06-30 02:25:40', '2022-06-30 02:25:40'),
(89, 'update lifestyles', 'web', '2022-06-30 02:25:40', '2022-06-30 02:25:40'),
(90, 'delete lifestyles', 'web', '2022-06-30 02:25:40', '2022-06-30 02:25:40'),
(91, 'list allmedia', 'web', '2022-06-30 02:25:40', '2022-06-30 02:25:40'),
(92, 'view allmedia', 'web', '2022-06-30 02:25:40', '2022-06-30 02:25:40'),
(93, 'create allmedia', 'web', '2022-06-30 02:25:40', '2022-06-30 02:25:40'),
(94, 'update allmedia', 'web', '2022-06-30 02:25:40', '2022-06-30 02:25:40'),
(95, 'delete allmedia', 'web', '2022-06-30 02:25:40', '2022-06-30 02:25:40'),
(96, 'list mediatypes', 'web', '2022-06-30 02:25:40', '2022-06-30 02:25:40'),
(97, 'view mediatypes', 'web', '2022-06-30 02:25:40', '2022-06-30 02:25:40'),
(98, 'create mediatypes', 'web', '2022-06-30 02:25:40', '2022-06-30 02:25:40'),
(99, 'update mediatypes', 'web', '2022-06-30 02:25:40', '2022-06-30 02:25:40'),
(100, 'delete mediatypes', 'web', '2022-06-30 02:25:40', '2022-06-30 02:25:40'),
(101, 'list modalities', 'web', '2022-06-30 02:25:40', '2022-06-30 02:25:40'),
(102, 'view modalities', 'web', '2022-06-30 02:25:41', '2022-06-30 02:25:41'),
(103, 'create modalities', 'web', '2022-06-30 02:25:41', '2022-06-30 02:25:41'),
(104, 'update modalities', 'web', '2022-06-30 02:25:41', '2022-06-30 02:25:41'),
(105, 'delete modalities', 'web', '2022-06-30 02:25:41', '2022-06-30 02:25:41'),
(106, 'list prestiges', 'web', '2022-06-30 02:25:41', '2022-06-30 02:25:41'),
(107, 'view prestiges', 'web', '2022-06-30 02:25:41', '2022-06-30 02:25:41'),
(108, 'create prestiges', 'web', '2022-06-30 02:25:41', '2022-06-30 02:25:41'),
(109, 'update prestiges', 'web', '2022-06-30 02:25:41', '2022-06-30 02:25:41'),
(110, 'delete prestiges', 'web', '2022-06-30 02:25:41', '2022-06-30 02:25:41'),
(111, 'list rectorias', 'web', '2022-06-30 02:25:41', '2022-06-30 02:25:41'),
(112, 'view rectorias', 'web', '2022-06-30 02:25:41', '2022-06-30 02:25:41'),
(113, 'create rectorias', 'web', '2022-06-30 02:25:41', '2022-06-30 02:25:41'),
(114, 'update rectorias', 'web', '2022-06-30 02:25:41', '2022-06-30 02:25:41'),
(115, 'delete rectorias', 'web', '2022-06-30 02:25:41', '2022-06-30 02:25:41'),
(116, 'list requeriments', 'web', '2022-06-30 02:25:41', '2022-06-30 02:25:41'),
(117, 'view requeriments', 'web', '2022-06-30 02:25:41', '2022-06-30 02:25:41'),
(118, 'create requeriments', 'web', '2022-06-30 02:25:41', '2022-06-30 02:25:41'),
(119, 'update requeriments', 'web', '2022-06-30 02:25:41', '2022-06-30 02:25:41'),
(120, 'delete requeriments', 'web', '2022-06-30 02:25:41', '2022-06-30 02:25:41'),
(121, 'list students', 'web', '2022-06-30 02:25:42', '2022-06-30 02:25:42'),
(122, 'view students', 'web', '2022-06-30 02:25:42', '2022-06-30 02:25:42'),
(123, 'create students', 'web', '2022-06-30 02:25:42', '2022-06-30 02:25:42'),
(124, 'update students', 'web', '2022-06-30 02:25:42', '2022-06-30 02:25:42'),
(125, 'delete students', 'web', '2022-06-30 02:25:42', '2022-06-30 02:25:42'),
(126, 'list universities', 'web', '2022-06-30 02:25:42', '2022-06-30 02:25:42'),
(127, 'view universities', 'web', '2022-06-30 02:25:42', '2022-06-30 02:25:42'),
(128, 'create universities', 'web', '2022-06-30 02:25:42', '2022-06-30 02:25:42'),
(129, 'update universities', 'web', '2022-06-30 02:25:42', '2022-06-30 02:25:42'),
(130, 'delete universities', 'web', '2022-06-30 02:25:42', '2022-06-30 02:25:42'),
(131, 'list wellnesses', 'web', '2022-06-30 02:25:42', '2022-06-30 02:25:42'),
(132, 'view wellnesses', 'web', '2022-06-30 02:25:42', '2022-06-30 02:25:42'),
(133, 'create wellnesses', 'web', '2022-06-30 02:25:42', '2022-06-30 02:25:42'),
(134, 'update wellnesses', 'web', '2022-06-30 02:25:42', '2022-06-30 02:25:42'),
(135, 'delete wellnesses', 'web', '2022-06-30 02:25:42', '2022-06-30 02:25:42'),
(136, 'list zones', 'web', '2022-06-30 02:25:42', '2022-06-30 02:25:42'),
(137, 'view zones', 'web', '2022-06-30 02:25:42', '2022-06-30 02:25:42'),
(138, 'create zones', 'web', '2022-06-30 02:25:42', '2022-06-30 02:25:42'),
(139, 'update zones', 'web', '2022-06-30 02:25:42', '2022-06-30 02:25:42'),
(140, 'delete zones', 'web', '2022-06-30 02:25:43', '2022-06-30 02:25:43'),
(141, 'list roles', 'web', '2022-06-30 02:25:47', '2022-06-30 02:25:47'),
(142, 'view roles', 'web', '2022-06-30 02:25:48', '2022-06-30 02:25:48'),
(143, 'create roles', 'web', '2022-06-30 02:25:48', '2022-06-30 02:25:48'),
(144, 'update roles', 'web', '2022-06-30 02:25:48', '2022-06-30 02:25:48'),
(145, 'delete roles', 'web', '2022-06-30 02:25:48', '2022-06-30 02:25:48'),
(146, 'list permissions', 'web', '2022-06-30 02:25:48', '2022-06-30 02:25:48'),
(147, 'view permissions', 'web', '2022-06-30 02:25:48', '2022-06-30 02:25:48'),
(148, 'create permissions', 'web', '2022-06-30 02:25:48', '2022-06-30 02:25:48'),
(149, 'update permissions', 'web', '2022-06-30 02:25:48', '2022-06-30 02:25:48'),
(150, 'delete permissions', 'web', '2022-06-30 02:25:48', '2022-06-30 02:25:48'),
(151, 'list users', 'web', '2022-06-30 02:25:48', '2022-06-30 02:25:48'),
(152, 'view users', 'web', '2022-06-30 02:25:48', '2022-06-30 02:25:48'),
(153, 'create users', 'web', '2022-06-30 02:25:48', '2022-06-30 02:25:48'),
(154, 'update users', 'web', '2022-06-30 02:25:48', '2022-06-30 02:25:48'),
(155, 'delete users', 'web', '2022-06-30 02:25:48', '2022-06-30 02:25:48');

-- --------------------------------------------------------

--
-- Estructura de tabla para la tabla `personal_access_tokens`
--

CREATE TABLE `personal_access_tokens` (
  `id` bigint(20) UNSIGNED NOT NULL,
  `tokenable_type` varchar(255) COLLATE utf8mb4_unicode_ci NOT NULL,
  `tokenable_id` bigint(20) UNSIGNED NOT NULL,
  `name` varchar(255) COLLATE utf8mb4_unicode_ci NOT NULL,
  `token` varchar(64) COLLATE utf8mb4_unicode_ci NOT NULL,
  `abilities` text COLLATE utf8mb4_unicode_ci DEFAULT NULL,
  `last_used_at` timestamp NULL DEFAULT NULL,
  `created_at` timestamp NULL DEFAULT NULL,
  `updated_at` timestamp NULL DEFAULT NULL
) ENGINE=InnoDB DEFAULT CHARSET=utf8mb4 COLLATE=utf8mb4_unicode_ci;

-- --------------------------------------------------------

--
-- Estructura de tabla para la tabla `prestiges`
--

CREATE TABLE `prestiges` (
  `id` bigint(20) UNSIGNED NOT NULL,
  `reputacion_institucional` double NOT NULL,
  `practicas_profesionales` double NOT NULL,
  `imagen_egresado` double NOT NULL,
  `asociaciones_externas` double NOT NULL,
  `bolsa_empleo` double NOT NULL,
  `academic_program_id` bigint(20) UNSIGNED NOT NULL,
  `created_at` timestamp NULL DEFAULT NULL,
  `updated_at` timestamp NULL DEFAULT NULL
) ENGINE=InnoDB DEFAULT CHARSET=utf8mb4 COLLATE=utf8mb4_unicode_ci;

--
-- Volcado de datos para la tabla `prestiges`
--

INSERT INTO `prestiges` (`id`, `reputacion_institucional`, `practicas_profesionales`, `imagen_egresado`, `asociaciones_externas`, `bolsa_empleo`, `academic_program_id`, `created_at`, `updated_at`) VALUES
(6, 100, 94, 92, 100, 100, 6, NULL, NULL),
(7, 100, 94, 100, 98, 100, 7, NULL, NULL),
(8, 100, 100, 100, 98, 93, 8, NULL, NULL);

-- --------------------------------------------------------

--
-- Estructura de tabla para la tabla `rectorias`
--

CREATE TABLE `rectorias` (
  `id` bigint(20) UNSIGNED NOT NULL,
  `name` varchar(255) COLLATE utf8mb4_unicode_ci NOT NULL,
  `position` varchar(255) COLLATE utf8mb4_unicode_ci NOT NULL,
  `image` varchar(255) COLLATE utf8mb4_unicode_ci DEFAULT NULL,
  `university_id` bigint(20) UNSIGNED NOT NULL,
  `last_name` varchar(255) COLLATE utf8mb4_unicode_ci NOT NULL,
  `created_at` timestamp NULL DEFAULT NULL,
  `updated_at` timestamp NULL DEFAULT NULL
) ENGINE=InnoDB DEFAULT CHARSET=utf8mb4 COLLATE=utf8mb4_unicode_ci;

--
-- Volcado de datos para la tabla `rectorias`
--

INSERT INTO `rectorias` (`id`, `name`, `position`, `image`, `university_id`, `last_name`, `created_at`, `updated_at`) VALUES
(6, 'Rector Jhon', 'Rector', 'public/VHz7BfnKIlIEueBmCvXuvRwLohDjWwIDcD8IdvIL.jpg', 1, 'Doe Do', '2022-06-30 03:42:07', '2022-06-30 03:42:07'),
(7, 'Vicerrector Jhon', 'Vicerrector Económico', 'public/OGwX9fBSRgmNCtxZHXOIFzi96iTzbTlDU8GiyEtY.jpg', 1, 'Sailor', '2022-06-30 03:42:39', '2022-06-30 03:42:39'),
(8, 'Vicerrector Elton', 'Vicerrector Extensión Universitaria', 'public/WCJHx74WGCvk2NDcfI1PCCxv5JT9EEuCah4rgf2q.jpg', 1, 'Jhon', '2022-06-30 03:43:23', '2022-06-30 03:43:23'),
(9, 'Rector Jhon', 'Rector', 'public/VHz7BfnKIlIEueBmCvXuvRwLohDjWwIDcD8IdvIL.jpg', 2, 'Doe Do', '2022-06-30 03:42:07', '2022-06-30 03:42:07'),
(10, 'Rector Jhon', 'Rector', 'public/VHz7BfnKIlIEueBmCvXuvRwLohDjWwIDcD8IdvIL.jpg', 3, 'Doe Do', '2022-06-30 03:42:07', '2022-06-30 03:42:07'),
(11, 'Vicerrector Jhon', 'Vicerrector Económico', 'public/OGwX9fBSRgmNCtxZHXOIFzi96iTzbTlDU8GiyEtY.jpg', 2, 'Sailor', '2022-06-30 03:42:39', '2022-06-30 03:42:39'),
(12, 'Vicerrector Jhon', 'Vicerrector Económico', 'public/OGwX9fBSRgmNCtxZHXOIFzi96iTzbTlDU8GiyEtY.jpg', 3, 'Sailor', '2022-06-30 03:42:39', '2022-06-30 03:42:39'),
(13, 'Vicerrector Elton', 'Vicerrector Extensión Universitaria', 'public/WCJHx74WGCvk2NDcfI1PCCxv5JT9EEuCah4rgf2q.jpg', 2, 'Jhon', '2022-06-30 03:43:23', '2022-06-30 03:43:23'),
(14, 'Vicerrector Elton', 'Vicerrector Extensión Universitaria', 'public/WCJHx74WGCvk2NDcfI1PCCxv5JT9EEuCah4rgf2q.jpg', 3, 'Jhon', '2022-06-30 03:43:23', '2022-06-30 03:43:23');

-- --------------------------------------------------------

--
-- Estructura de tabla para la tabla `requeriments`
--

CREATE TABLE `requeriments` (
  `id` bigint(20) UNSIGNED NOT NULL,
  `name` varchar(255) COLLATE utf8mb4_unicode_ci NOT NULL,
  `beca_id` bigint(20) UNSIGNED NOT NULL,
  `created_at` timestamp NULL DEFAULT NULL,
  `updated_at` timestamp NULL DEFAULT NULL
) ENGINE=InnoDB DEFAULT CHARSET=utf8mb4 COLLATE=utf8mb4_unicode_ci;

--
-- Volcado de datos para la tabla `requeriments`
--

INSERT INTO `requeriments` (`id`, `name`, `beca_id`, `created_at`, `updated_at`) VALUES
(6, 'Fotocopia de documento de identidad 150%', 16, '2022-06-30 03:44:27', '2022-06-30 03:44:27'),
(7, 'Foto Pasaporte', 16, '2022-06-30 03:44:40', '2022-06-30 03:44:40'),
(8, 'Titulo de saber pro', 16, '2022-06-30 03:44:57', '2022-06-30 03:44:57');

-- --------------------------------------------------------

--
-- Estructura de tabla para la tabla `roles`
--

CREATE TABLE `roles` (
  `id` bigint(20) UNSIGNED NOT NULL,
  `name` varchar(255) COLLATE utf8mb4_unicode_ci NOT NULL,
  `guard_name` varchar(255) COLLATE utf8mb4_unicode_ci NOT NULL,
  `created_at` timestamp NULL DEFAULT NULL,
  `updated_at` timestamp NULL DEFAULT NULL
) ENGINE=InnoDB DEFAULT CHARSET=utf8mb4 COLLATE=utf8mb4_unicode_ci;

--
-- Volcado de datos para la tabla `roles`
--

INSERT INTO `roles` (`id`, `name`, `guard_name`, `created_at`, `updated_at`) VALUES
(1, 'user', 'web', '2022-06-30 02:25:43', '2022-06-30 02:25:43'),
(2, 'super-admin', 'web', '2022-06-30 02:25:48', '2022-06-30 02:25:48');

-- --------------------------------------------------------

--
-- Estructura de tabla para la tabla `role_has_permissions`
--

CREATE TABLE `role_has_permissions` (
  `permission_id` bigint(20) UNSIGNED NOT NULL,
  `role_id` bigint(20) UNSIGNED NOT NULL
) ENGINE=InnoDB DEFAULT CHARSET=utf8mb4 COLLATE=utf8mb4_unicode_ci;

--
-- Volcado de datos para la tabla `role_has_permissions`
--

INSERT INTO `role_has_permissions` (`permission_id`, `role_id`) VALUES
(1, 1),
(1, 2),
(2, 1),
(2, 2),
(3, 1),
(3, 2),
(4, 1),
(4, 2),
(5, 1),
(5, 2),
(6, 1),
(6, 2),
(7, 1),
(7, 2),
(8, 1),
(8, 2),
(9, 1),
(9, 2),
(10, 1),
(10, 2),
(11, 1),
(11, 2),
(12, 1),
(12, 2),
(13, 1),
(13, 2),
(14, 1),
(14, 2),
(15, 1),
(15, 2),
(16, 1),
(16, 2),
(17, 1),
(17, 2),
(18, 1),
(18, 2),
(19, 1),
(19, 2),
(20, 1),
(20, 2),
(21, 1),
(21, 2),
(22, 1),
(22, 2),
(23, 1),
(23, 2),
(24, 1),
(24, 2),
(25, 1),
(25, 2),
(26, 1),
(26, 2),
(27, 1),
(27, 2),
(28, 1),
(28, 2),
(29, 1),
(29, 2),
(30, 1),
(30, 2),
(31, 1),
(31, 2),
(32, 1),
(32, 2),
(33, 1),
(33, 2),
(34, 1),
(34, 2),
(35, 1),
(35, 2),
(36, 1),
(36, 2),
(37, 1),
(37, 2),
(38, 1),
(38, 2),
(39, 1),
(39, 2),
(40, 1),
(40, 2),
(41, 1),
(41, 2),
(42, 1),
(42, 2),
(43, 1),
(43, 2),
(44, 1),
(44, 2),
(45, 1),
(45, 2),
(46, 1),
(46, 2),
(47, 1),
(47, 2),
(48, 1),
(48, 2),
(49, 1),
(49, 2),
(50, 1),
(50, 2),
(51, 1),
(51, 2),
(52, 1),
(52, 2),
(53, 1),
(53, 2),
(54, 1),
(54, 2),
(55, 1),
(55, 2),
(56, 1),
(56, 2),
(57, 1),
(57, 2),
(58, 1),
(58, 2),
(59, 1),
(59, 2),
(60, 1),
(60, 2),
(61, 1),
(61, 2),
(62, 1),
(62, 2),
(63, 1),
(63, 2),
(64, 1),
(64, 2),
(65, 1),
(65, 2),
(66, 1),
(66, 2),
(67, 1),
(67, 2),
(68, 1),
(68, 2),
(69, 1),
(69, 2),
(70, 1),
(70, 2),
(71, 1),
(71, 2),
(72, 1),
(72, 2),
(73, 1),
(73, 2),
(74, 1),
(74, 2),
(75, 1),
(75, 2),
(76, 1),
(76, 2),
(77, 1),
(77, 2),
(78, 1),
(78, 2),
(79, 1),
(79, 2),
(80, 1),
(80, 2),
(81, 1),
(81, 2),
(82, 1),
(82, 2),
(83, 1),
(83, 2),
(84, 1),
(84, 2),
(85, 1),
(85, 2),
(86, 1),
(86, 2),
(87, 1),
(87, 2),
(88, 1),
(88, 2),
(89, 1),
(89, 2),
(90, 1),
(90, 2),
(91, 1),
(91, 2),
(92, 1),
(92, 2),
(93, 1),
(93, 2),
(94, 1),
(94, 2),
(95, 1),
(95, 2),
(96, 1),
(96, 2),
(97, 1),
(97, 2),
(98, 1),
(98, 2),
(99, 1),
(99, 2),
(100, 1),
(100, 2),
(101, 1),
(101, 2),
(102, 1),
(102, 2),
(103, 1),
(103, 2),
(104, 1),
(104, 2),
(105, 1),
(105, 2),
(106, 1),
(106, 2),
(107, 1),
(107, 2),
(108, 1),
(108, 2),
(109, 1),
(109, 2),
(110, 1),
(110, 2),
(111, 1),
(111, 2),
(112, 1),
(112, 2),
(113, 1),
(113, 2),
(114, 1),
(114, 2),
(115, 1),
(115, 2),
(116, 1),
(116, 2),
(117, 1),
(117, 2),
(118, 1),
(118, 2),
(119, 1),
(119, 2),
(120, 1),
(120, 2),
(121, 1),
(121, 2),
(122, 1),
(122, 2),
(123, 1),
(123, 2),
(124, 1),
(124, 2),
(125, 1),
(125, 2),
(126, 1),
(126, 2),
(127, 1),
(127, 2),
(128, 1),
(128, 2),
(129, 1),
(129, 2),
(130, 1),
(130, 2),
(131, 1),
(131, 2),
(132, 1),
(132, 2),
(133, 1),
(133, 2),
(134, 1),
(134, 2),
(135, 1),
(135, 2),
(136, 1),
(136, 2),
(137, 1),
(137, 2),
(138, 1),
(138, 2),
(139, 1),
(139, 2),
(140, 1),
(140, 2),
(141, 2),
(142, 2),
(143, 2),
(144, 2),
(145, 2),
(146, 2),
(147, 2),
(148, 2),
(149, 2),
(150, 2),
(151, 2),
(152, 2),
(153, 2),
(154, 2),
(155, 2);

-- --------------------------------------------------------

--
-- Estructura de tabla para la tabla `students`
--

CREATE TABLE `students` (
  `id` bigint(20) UNSIGNED NOT NULL,
  `user_id` bigint(20) UNSIGNED NOT NULL,
  `semestre` int(11) NOT NULL,
  `academic_program_id` bigint(20) UNSIGNED NOT NULL,
  `created_at` timestamp NULL DEFAULT NULL,
  `updated_at` timestamp NULL DEFAULT NULL
) ENGINE=InnoDB DEFAULT CHARSET=utf8mb4 COLLATE=utf8mb4_unicode_ci;

--
-- Volcado de datos para la tabla `students`
--

INSERT INTO `students` (`id`, `user_id`, `semestre`, `academic_program_id`, `created_at`, `updated_at`) VALUES
(11, 1, 6, 6, '2022-06-30 07:36:00', '2022-06-30 07:36:00'),
(12, 3, 8, 6, '2022-06-30 07:36:11', '2022-06-30 07:36:11'),
(13, 4, 5, 8, '2022-06-30 07:36:22', '2022-06-30 07:36:22'),
(14, 4, 5, 7, '2022-06-30 07:36:22', '2022-06-30 07:36:22');

-- --------------------------------------------------------

--
-- Estructura de tabla para la tabla `universities`
--

CREATE TABLE `universities` (
  `id` bigint(20) UNSIGNED NOT NULL,
  `name` longtext COLLATE utf8mb4_unicode_ci NOT NULL,
  `oficial` tinyint(1) NOT NULL,
  `acreditada` tinyint(1) NOT NULL,
  `city_id` bigint(20) UNSIGNED NOT NULL,
  `principal` tinyint(1) NOT NULL,
  `url` varchar(255) COLLATE utf8mb4_unicode_ci NOT NULL,
  `direccion` longtext COLLATE utf8mb4_unicode_ci NOT NULL,
  `fundada_at` timestamp NOT NULL DEFAULT current_timestamp() ON UPDATE current_timestamp(),
  `egresados` int(11) NOT NULL,
  `general_description` text COLLATE utf8mb4_unicode_ci NOT NULL,
  `logo` varchar(255) COLLATE utf8mb4_unicode_ci DEFAULT NULL,
  `background_image` varchar(255) COLLATE utf8mb4_unicode_ci NOT NULL,
  `about_video_url` varchar(255) COLLATE utf8mb4_unicode_ci NOT NULL,
  `created_at` timestamp NULL DEFAULT NULL,
  `updated_at` timestamp NULL DEFAULT NULL
) ENGINE=InnoDB DEFAULT CHARSET=utf8mb4 COLLATE=utf8mb4_unicode_ci;

--
-- Volcado de datos para la tabla `universities`
--

INSERT INTO `universities` (`id`, `name`, `oficial`, `acreditada`, `city_id`, `principal`, `url`, `direccion`, `fundada_at`, `egresados`, `general_description`, `logo`, `background_image`, `about_video_url`, `created_at`, `updated_at`) VALUES
(1, 'UNIVERSIDAD POPULAR DEL CESAR', 1, 0, 8, 1, 'www.unicesar.edu.co', 'Cra. 40  vía al Mar', '2022-07-03 01:54:47', 50000, 'Lorem ipsum dolorem item amit unum. Lorem ipsum dolorem item amit unum.Lorem ipsum dolorem item amit unum.Lorem ipsum dolorem item amit unum.Lorem ipsum dolorem item amit unum.', 'logo.jpg', 'bg.jpg', 'youtube.com', '0000-00-00 00:00:00', '0000-00-00 00:00:00'),
(2, 'UNIVERSIDAD DE ANTIOQUIA', 1, 0, 36, 1, 'www.udea.edu.co', 'Km. 4 Salida Medellón Vereda Campamento', '2022-07-03 01:54:47', 50000, 'Lorem ipsum dolorem item amit unum. Lorem ipsum dolorem item amit unum.Lorem ipsum dolorem item amit unum.Lorem ipsum dolorem item amit unum.Lorem ipsum dolorem item amit unum.', 'logo.jpg', 'bg.jpg', 'youtube.com', '0000-00-00 00:00:00', '0000-00-00 00:00:00'),
(3, 'FUNDACION DE ESTUDIOS SUPERIORES UNIVERSITARIOS DE URABA ANTONIO ROLDAN BETANCUR', 0, 0, 45, 0, 'www.fesu.edu.co', 'Carrera 111  101-64 Barrio Los Pinos', '2022-07-03 01:54:47', 50000, 'Lorem ipsum dolorem item amit unum. Lorem ipsum dolorem item amit unum.Lorem ipsum dolorem item amit unum.Lorem ipsum dolorem item amit unum.Lorem ipsum dolorem item amit unum.', 'logo.jpg', 'bg.jpg', 'youtube.com', '0000-00-00 00:00:00', '0000-00-00 00:00:00'),
(4, 'UNIVERSIDAD NACIONAL DE COLOMBIA', 1, 1, 52, 1, 'www.arauca.unal.edu.co', 'Kilómetro 9 vía a Caño Limón', '2022-07-03 01:54:47', 50000, 'Lorem ipsum dolorem item amit unum. Lorem ipsum dolorem item amit unum.Lorem ipsum dolorem item amit unum.Lorem ipsum dolorem item amit unum.Lorem ipsum dolorem item amit unum.', 'logo.jpg', 'bg.jpg', 'youtube.com', '0000-00-00 00:00:00', '0000-00-00 00:00:00'),
(5, 'UNIVERSIDAD DEL QUINDIO', 1, 1, 66, 0, 'www.uniquindio.edu.co', 'Carrera 15 Calle 12 Norte', '2022-07-03 01:54:47', 50000, 'Lorem ipsum dolorem item amit unum. Lorem ipsum dolorem item amit unum.Lorem ipsum dolorem item amit unum.Lorem ipsum dolorem item amit unum.Lorem ipsum dolorem item amit unum.', 'logo.jpg', 'bg.jpg', 'youtube.com', '0000-00-00 00:00:00', '0000-00-00 00:00:00'),
(6, 'UNIVERSIDAD LA GRAN COLOMBIA', 0, 0, 66, 1, 'www.ugcarmen.edu.co', 'Av. Bolivar  Carrera 14 No. 7-46', '2022-07-03 01:54:47', 50000, 'Lorem ipsum dolorem item amit unum. Lorem ipsum dolorem item amit unum.Lorem ipsum dolorem item amit unum.Lorem ipsum dolorem item amit unum.Lorem ipsum dolorem item amit unum.', 'logo.jpg', 'bg.jpg', 'youtube.com', '0000-00-00 00:00:00', '0000-00-00 00:00:00'),
(7, 'CORPORACION UNIVERSITARIA EMPRESARIAL ALEXANDER VON HUMBOLDT - CUE', 0, 0, 66, 0, 'www.uempresarial@cue.edu.co', 'Avenida Bolivar #1-189', '2022-07-03 01:54:47', 50000, 'Lorem ipsum dolorem item amit unum. Lorem ipsum dolorem item amit unum.Lorem ipsum dolorem item amit unum.Lorem ipsum dolorem item amit unum.Lorem ipsum dolorem item amit unum.', 'logo.jpg', 'bg.jpg', 'youtube.com', '0000-00-00 00:00:00', '0000-00-00 00:00:00'),
(8, 'INSTITUCION UNIVERSITARIA EAM', 0, 0, 66, 0, 'www.eam.edu.co', 'Carrera 14  3-11 Av. Bolivar', '2022-07-03 01:54:47', 50000, 'Lorem ipsum dolorem item amit unum. Lorem ipsum dolorem item amit unum.Lorem ipsum dolorem item amit unum.Lorem ipsum dolorem item amit unum.Lorem ipsum dolorem item amit unum.', 'logo.jpg', 'bg.jpg', 'youtube.com', '0000-00-00 00:00:00', '0000-00-00 00:00:00'),
(9, 'SERVICIO NACIONAL DE APRENDIZAJE-SENA-', 1, 0, 66, 1, 'www.sena.edu.co', 'Carrera 19  7-75', '2022-07-03 01:54:47', 50000, 'Lorem ipsum dolorem item amit unum. Lorem ipsum dolorem item amit unum.Lorem ipsum dolorem item amit unum.Lorem ipsum dolorem item amit unum.Lorem ipsum dolorem item amit unum.', 'logo.jpg', 'bg.jpg', 'youtube.com', '0000-00-00 00:00:00', '0000-00-00 00:00:00'),
(10, 'UNIVERSIDAD COOPERATIVA DE COLOMBIA', 0, 0, 85, 1, 'ucc.edu.co', 'Calle 57 entre carrerras 24 y 27 Barrio G', '2022-07-03 01:54:47', 50000, 'Lorem ipsum dolorem item amit unum. Lorem ipsum dolorem item amit unum.Lorem ipsum dolorem item amit unum.Lorem ipsum dolorem item amit unum.Lorem ipsum dolorem item amit unum.', 'logo.jpg', 'bg.jpg', 'youtube.com', '0000-00-00 00:00:00', '0000-00-00 00:00:00'),
(11, 'INSTITUTO UNIVERSITARIO DE LA PAZ', 1, 0, 85, 0, 'www.unipaz.edu.co', 'Centro de Investigaciones Santa Lucia Kim. 14 via Bucaramanga', '2022-07-03 01:54:47', 50000, 'Lorem ipsum dolorem item amit unum. Lorem ipsum dolorem item amit unum.Lorem ipsum dolorem item amit unum.Lorem ipsum dolorem item amit unum.Lorem ipsum dolorem item amit unum.', 'logo.jpg', 'bg.jpg', 'youtube.com', '0000-00-00 00:00:00', '0000-00-00 00:00:00'),
(12, 'UNIDAD TECNOlóGICA DEL MAGDALENA MEDIO - UTEM -', 0, 0, 85, 0, 'www.utem.edu.co', 'Calle 55 # 19-25', '2022-07-03 01:54:47', 50000, 'Lorem ipsum dolorem item amit unum. Lorem ipsum dolorem item amit unum.Lorem ipsum dolorem item amit unum.Lorem ipsum dolorem item amit unum.Lorem ipsum dolorem item amit unum.', 'logo.jpg', 'bg.jpg', 'youtube.com', '0000-00-00 00:00:00', '0000-00-00 00:00:00'),
(13, 'UNIVERSIDAD DEL NORTE', 0, 1, 88, 0, 'www.uninorte.edu.co', 'Kilometro 5 Via  Pto. Colombia', '2022-07-03 01:54:47', 50000, 'Lorem ipsum dolorem item amit unum. Lorem ipsum dolorem item amit unum.Lorem ipsum dolorem item amit unum.Lorem ipsum dolorem item amit unum.Lorem ipsum dolorem item amit unum.', 'logo.jpg', 'bg.jpg', 'youtube.com', '0000-00-00 00:00:00', '0000-00-00 00:00:00'),
(14, 'UNIVERSIDAD AUTONOMA DEL CARIBE- UNIAUTONOMA', 0, 0, 88, 0, 'www.uac.edu.co', 'Calle 90  46-112', '2022-07-03 01:54:47', 50000, 'Lorem ipsum dolorem item amit unum. Lorem ipsum dolorem item amit unum.Lorem ipsum dolorem item amit unum.Lorem ipsum dolorem item amit unum.Lorem ipsum dolorem item amit unum.', 'logo.jpg', 'bg.jpg', 'youtube.com', '0000-00-00 00:00:00', '0000-00-00 00:00:00'),
(15, 'UNIVERSIDAD LIBRE', 0, 1, 88, 1, 'www.unilibrebaq.edu.co', 'Km. 7 antigua vía Puerto Colombia', '2022-07-03 01:54:47', 50000, 'Lorem ipsum dolorem item amit unum. Lorem ipsum dolorem item amit unum.Lorem ipsum dolorem item amit unum.Lorem ipsum dolorem item amit unum.Lorem ipsum dolorem item amit unum.', 'logo.jpg', 'bg.jpg', 'youtube.com', '0000-00-00 00:00:00', '0000-00-00 00:00:00'),
(16, 'UNIVERSIDAD METROPOLITANA', 0, 0, 88, 0, 'www.unimetro.edu.co', 'Calle 76 No. 42-78', '2022-07-03 01:54:47', 50000, 'Lorem ipsum dolorem item amit unum. Lorem ipsum dolorem item amit unum.Lorem ipsum dolorem item amit unum.Lorem ipsum dolorem item amit unum.Lorem ipsum dolorem item amit unum.', 'logo.jpg', 'bg.jpg', 'youtube.com', '0000-00-00 00:00:00', '0000-00-00 00:00:00'),
(17, 'UNIVERSIDAD SIMON BOLIVAR', 0, 1, 88, 0, 'www.unisimonbolivar.edu.co', 'Carrera 59 No.59-92', '2022-07-03 01:54:47', 50000, 'Lorem ipsum dolorem item amit unum. Lorem ipsum dolorem item amit unum.Lorem ipsum dolorem item amit unum.Lorem ipsum dolorem item amit unum.Lorem ipsum dolorem item amit unum.', 'logo.jpg', 'bg.jpg', 'youtube.com', '0000-00-00 00:00:00', '0000-00-00 00:00:00'),
(18, 'CORPORACION UNIVERSIDAD DE LA COSTA CUC', 0, 1, 88, 0, 'www.cuc.edu.co', 'Calle 58  55-66', '2022-07-03 01:54:47', 50000, 'Lorem ipsum dolorem item amit unum. Lorem ipsum dolorem item amit unum.Lorem ipsum dolorem item amit unum.Lorem ipsum dolorem item amit unum.Lorem ipsum dolorem item amit unum.', 'logo.jpg', 'bg.jpg', 'youtube.com', '0000-00-00 00:00:00', '0000-00-00 00:00:00'),
(19, 'CORPORACION UNIVERSITARIA EMPRESARIAL DE SALAMANCA', 0, 0, 88, 0, 'www.cunivemsa.edu.co', 'Carrera 50  79 - 155', '2022-07-03 01:54:47', 50000, 'Lorem ipsum dolorem item amit unum. Lorem ipsum dolorem item amit unum.Lorem ipsum dolorem item amit unum.Lorem ipsum dolorem item amit unum.Lorem ipsum dolorem item amit unum.', 'logo.jpg', 'bg.jpg', 'youtube.com', '0000-00-00 00:00:00', '0000-00-00 00:00:00'),
(20, 'CORPORACION UNIVERSITARIA REFORMADA - CUR -', 0, 0, 88, 0, 'www.unireformada.edu.co', 'Carrera 38 74-179', '2022-07-03 01:54:47', 50000, 'Lorem ipsum dolorem item amit unum. Lorem ipsum dolorem item amit unum.Lorem ipsum dolorem item amit unum.Lorem ipsum dolorem item amit unum.Lorem ipsum dolorem item amit unum.', 'logo.jpg', 'bg.jpg', 'youtube.com', '0000-00-00 00:00:00', '0000-00-00 00:00:00'),
(21, 'ESCUELA NAVAL DE SUBOFICIALES ARC BARRANQUILLA', 1, 1, 88, 0, 'www.armada.mil.co', 'vía 40 Calle 58', '2022-07-03 01:54:47', 50000, 'Lorem ipsum dolorem item amit unum. Lorem ipsum dolorem item amit unum.Lorem ipsum dolorem item amit unum.Lorem ipsum dolorem item amit unum.Lorem ipsum dolorem item amit unum.', 'logo.jpg', 'bg.jpg', 'youtube.com', '0000-00-00 00:00:00', '0000-00-00 00:00:00'),
(22, 'INSTITUCIÓN UNIVERSITARIA ITSA', 1, 0, 88, 0, 'www.itsa.edu.co', 'Cra 45 Nº48-31 Barrio El Carmen Barranquilla', '2022-07-03 01:54:47', 50000, 'Lorem ipsum dolorem item amit unum. Lorem ipsum dolorem item amit unum.Lorem ipsum dolorem item amit unum.Lorem ipsum dolorem item amit unum.Lorem ipsum dolorem item amit unum.', 'logo.jpg', 'bg.jpg', 'youtube.com', '0000-00-00 00:00:00', '0000-00-00 00:00:00'),
(23, 'CORPORACION POLITECNICO DE LA COSTA ATLANTICA', 0, 0, 88, 0, 'www.pca.edu.co', 'Cra. 38 No. 79A-167 Claustro de Santa Bernardita', '2022-07-03 01:54:47', 50000, 'Lorem ipsum dolorem item amit unum. Lorem ipsum dolorem item amit unum.Lorem ipsum dolorem item amit unum.Lorem ipsum dolorem item amit unum.Lorem ipsum dolorem item amit unum.', 'logo.jpg', 'bg.jpg', 'youtube.com', '0000-00-00 00:00:00', '0000-00-00 00:00:00'),
(24, 'CORPORACION EDUCATIVA DEL LITORAL', 0, 0, 88, 0, 'www.corpoedulitoral.edu.co', 'CL79 # 42F-110', '2022-07-03 01:54:47', 50000, 'Lorem ipsum dolorem item amit unum. Lorem ipsum dolorem item amit unum.Lorem ipsum dolorem item amit unum.Lorem ipsum dolorem item amit unum.Lorem ipsum dolorem item amit unum.', 'logo.jpg', 'bg.jpg', 'youtube.com', '0000-00-00 00:00:00', '0000-00-00 00:00:00'),
(25, 'CORPORACION UNIVERSITARIA LATINOAMERICANA - CUL', 0, 0, 88, 0, 'www.ul.edu.co', 'Calle  58  55-24A', '2022-07-03 01:54:47', 50000, 'Lorem ipsum dolorem item amit unum. Lorem ipsum dolorem item amit unum.Lorem ipsum dolorem item amit unum.Lorem ipsum dolorem item amit unum.Lorem ipsum dolorem item amit unum.', 'logo.jpg', 'bg.jpg', 'youtube.com', '0000-00-00 00:00:00', '0000-00-00 00:00:00'),
(26, 'CORPORACION UNIVERSITARIA DE CIENCIAS EMPRESARIALES EDUCACION Y SALUD -CORSALUD-', 0, 0, 88, 0, 'www.corsalud.cjb.net', 'Carrera 53   59-70', '2022-07-03 01:54:47', 50000, 'Lorem ipsum dolorem item amit unum. Lorem ipsum dolorem item amit unum.Lorem ipsum dolorem item amit unum.Lorem ipsum dolorem item amit unum.Lorem ipsum dolorem item amit unum.', 'logo.jpg', 'bg.jpg', 'youtube.com', '0000-00-00 00:00:00', '0000-00-00 00:00:00'),
(27, 'CORPORACION UNIVERSITARIA AMERICANA', 0, 0, 88, 0, 'www.niamericana.edu.co', 'Calle 71 No. 41C -35 Edificio COSMOS Bloque D.', '2022-07-03 01:54:47', 50000, 'Lorem ipsum dolorem item amit unum. Lorem ipsum dolorem item amit unum.Lorem ipsum dolorem item amit unum.Lorem ipsum dolorem item amit unum.Lorem ipsum dolorem item amit unum.', 'logo.jpg', 'bg.jpg', 'youtube.com', '0000-00-00 00:00:00', '0000-00-00 00:00:00'),
(28, 'CORPORACION TECNOLOGICA INDOAMERICA', 0, 0, 88, 0, 'www.indoamerica.edu.co', 'Carrera 46 Calle 57 Esquina', '2022-07-03 01:54:47', 50000, 'Lorem ipsum dolorem item amit unum. Lorem ipsum dolorem item amit unum.Lorem ipsum dolorem item amit unum.Lorem ipsum dolorem item amit unum.Lorem ipsum dolorem item amit unum.', 'logo.jpg', 'bg.jpg', 'youtube.com', '0000-00-00 00:00:00', '0000-00-00 00:00:00'),
(29, 'CORPORACION UNIVERSITARIA MINUTO DE DIOS -UNIMINUTO-', 0, 0, 91, 1, 'www.uniminuto.edu', 'Carrera 45   22 D - 25', '2022-07-03 01:54:47', 50000, 'Lorem ipsum dolorem item amit unum. Lorem ipsum dolorem item amit unum.Lorem ipsum dolorem item amit unum.Lorem ipsum dolorem item amit unum.Lorem ipsum dolorem item amit unum.', 'logo.jpg', 'bg.jpg', 'youtube.com', '0000-00-00 00:00:00', '0000-00-00 00:00:00'),
(30, 'INSTITUCION UNIVERSITARIA MARCO FIDEL SUAREZ - IUMAFIS', 0, 0, 91, 0, 'www.pmfs.edu.co', 'Calle 48  50-30', '2022-07-03 01:54:47', 50000, 'Lorem ipsum dolorem item amit unum. Lorem ipsum dolorem item amit unum.Lorem ipsum dolorem item amit unum.Lorem ipsum dolorem item amit unum.Lorem ipsum dolorem item amit unum.', 'logo.jpg', 'bg.jpg', 'youtube.com', '0000-00-00 00:00:00', '0000-00-00 00:00:00'),
(31, 'UNIVERSIDAD NACIONAL DE COLOMBIA', 1, 0, 107, 0, 'www.unal.edu.co', 'Carrera 45 #26 - 85', '2022-07-03 01:54:47', 50000, 'Lorem ipsum dolorem item amit unum. Lorem ipsum dolorem item amit unum.Lorem ipsum dolorem item amit unum.Lorem ipsum dolorem item amit unum.Lorem ipsum dolorem item amit unum.', 'logo.jpg', 'bg.jpg', 'youtube.com', '0000-00-00 00:00:00', '0000-00-00 00:00:00'),
(32, 'UNIVERSIDAD PEDAGOGICA NACIONAL', 1, 1, 107, 0, 'www.pedagogica.edu.co', 'Calle  73  No.11-95', '2022-07-03 01:54:47', 50000, 'Lorem ipsum dolorem item amit unum. Lorem ipsum dolorem item amit unum.Lorem ipsum dolorem item amit unum.Lorem ipsum dolorem item amit unum.Lorem ipsum dolorem item amit unum.', 'logo.jpg', 'bg.jpg', 'youtube.com', '0000-00-00 00:00:00', '0000-00-00 00:00:00'),
(33, 'UNIVERSIDAD MILITAR-NUEVA GRANADA', 1, 1, 107, 0, 'www.umng.edu.co', 'Carrera 11 No. 101-80', '2022-07-03 01:54:47', 50000, 'Lorem ipsum dolorem item amit unum. Lorem ipsum dolorem item amit unum.Lorem ipsum dolorem item amit unum.Lorem ipsum dolorem item amit unum.Lorem ipsum dolorem item amit unum.', 'logo.jpg', 'bg.jpg', 'youtube.com', '0000-00-00 00:00:00', '0000-00-00 00:00:00'),
(34, 'UNIVERSIDAD-COLEGIO MAYOR DE CUNDINAMARCA', 1, 0, 107, 0, 'www.unicolmayor.edu.co', 'Clle 28 No. 6-02', '2022-07-03 01:54:47', 50000, 'Lorem ipsum dolorem item amit unum. Lorem ipsum dolorem item amit unum.Lorem ipsum dolorem item amit unum.Lorem ipsum dolorem item amit unum.Lorem ipsum dolorem item amit unum.', 'logo.jpg', 'bg.jpg', 'youtube.com', '0000-00-00 00:00:00', '0000-00-00 00:00:00'),
(35, 'UNIVERSIDAD DISTRITAL-FRANCISCO JOSE DE CALDAS', 1, 1, 107, 0, 'www.udistrital.edu.co', 'Carrera 7 No. 40-53', '2022-07-03 01:54:47', 50000, 'Lorem ipsum dolorem item amit unum. Lorem ipsum dolorem item amit unum.Lorem ipsum dolorem item amit unum.Lorem ipsum dolorem item amit unum.Lorem ipsum dolorem item amit unum.', 'logo.jpg', 'bg.jpg', 'youtube.com', '0000-00-00 00:00:00', '0000-00-00 00:00:00'),
(36, 'PONTIFICIA UNIVERSIDAD JAVERIANA', 0, 1, 107, 0, 'www.javeriana.edu.co', 'Carrera 7  40-62', '2022-07-03 01:54:47', 50000, 'Lorem ipsum dolorem item amit unum. Lorem ipsum dolorem item amit unum.Lorem ipsum dolorem item amit unum.Lorem ipsum dolorem item amit unum.Lorem ipsum dolorem item amit unum.', 'logo.jpg', 'bg.jpg', 'youtube.com', '0000-00-00 00:00:00', '0000-00-00 00:00:00'),
(37, 'UNIVERSIDAD INCCA DE COLOMBIA', 0, 0, 107, 0, 'www.unincca.edu.co', 'Carrera 13 No. 24-15', '2022-07-03 01:54:47', 50000, 'Lorem ipsum dolorem item amit unum. Lorem ipsum dolorem item amit unum.Lorem ipsum dolorem item amit unum.Lorem ipsum dolorem item amit unum.Lorem ipsum dolorem item amit unum.', 'logo.jpg', 'bg.jpg', 'youtube.com', '0000-00-00 00:00:00', '0000-00-00 00:00:00'),
(38, 'UNIVERSIDAD SANTO TOMAS', 0, 1, 107, 0, 'www.usta.edu.co', 'Sede Ppal Carrera 9  51-11 Sede Norte Cra.10 72-50', '2022-07-03 01:54:47', 50000, 'Lorem ipsum dolorem item amit unum. Lorem ipsum dolorem item amit unum.Lorem ipsum dolorem item amit unum.Lorem ipsum dolorem item amit unum.Lorem ipsum dolorem item amit unum.', 'logo.jpg', 'bg.jpg', 'youtube.com', '0000-00-00 00:00:00', '0000-00-00 00:00:00'),
(39, 'UNIVERSIDAD EXTERNADO DE COLOMBIA', 0, 1, 107, 0, 'www.uexternado.edu.co', 'Calle 12 No. 1-17 Este', '2022-07-03 01:54:47', 50000, 'Lorem ipsum dolorem item amit unum. Lorem ipsum dolorem item amit unum.Lorem ipsum dolorem item amit unum.Lorem ipsum dolorem item amit unum.Lorem ipsum dolorem item amit unum.', 'logo.jpg', 'bg.jpg', 'youtube.com', '0000-00-00 00:00:00', '0000-00-00 00:00:00'),
(40, 'FUNDACION UNIVERSIDAD DE BOGOTA - JORGE TADEO LOZANO', 0, 1, 107, 0, 'www.utadeo.edu.co', 'Carrera 4  22-61', '2022-07-03 01:54:47', 50000, 'Lorem ipsum dolorem item amit unum. Lorem ipsum dolorem item amit unum.Lorem ipsum dolorem item amit unum.Lorem ipsum dolorem item amit unum.Lorem ipsum dolorem item amit unum.', 'logo.jpg', 'bg.jpg', 'youtube.com', '0000-00-00 00:00:00', '0000-00-00 00:00:00'),
(41, 'UNIVERSIDAD CENTRAL', 0, 1, 107, 0, 'www.ucentral.edu.co', 'Carrera 5  21-38', '2022-07-03 01:54:47', 50000, 'Lorem ipsum dolorem item amit unum. Lorem ipsum dolorem item amit unum.Lorem ipsum dolorem item amit unum.Lorem ipsum dolorem item amit unum.Lorem ipsum dolorem item amit unum.', 'logo.jpg', 'bg.jpg', 'youtube.com', '0000-00-00 00:00:00', '0000-00-00 00:00:00'),
(42, 'COLEGIO MAYOR DE NUESTRA SEÑORA DEL ROSARIO', 0, 1, 107, 0, 'www.urosario.edu.co', 'Calle 12c No. 6-25', '2022-07-03 01:54:47', 50000, 'Lorem ipsum dolorem item amit unum. Lorem ipsum dolorem item amit unum.Lorem ipsum dolorem item amit unum.Lorem ipsum dolorem item amit unum.Lorem ipsum dolorem item amit unum.', 'logo.jpg', 'bg.jpg', 'youtube.com', '0000-00-00 00:00:00', '0000-00-00 00:00:00'),
(43, 'FUNDACION UNIVERSIDAD DE AMERICA', 0, 0, 107, 0, 'www.uamerica.edu.co', 'Av. Circunvalar 20-53', '2022-07-03 01:54:47', 50000, 'Lorem ipsum dolorem item amit unum. Lorem ipsum dolorem item amit unum.Lorem ipsum dolorem item amit unum.Lorem ipsum dolorem item amit unum.Lorem ipsum dolorem item amit unum.', 'logo.jpg', 'bg.jpg', 'youtube.com', '0000-00-00 00:00:00', '0000-00-00 00:00:00'),
(44, 'UNIVERSIDAD DE SAN BUENAVENTURA', 0, 1, 107, 0, 'www.usbbog.edu.co', 'Carrera 8H #172-20  RectoRÍA: Cra. 9  No. 123-76 Of.602-603', '2022-07-03 01:54:47', 50000, 'Lorem ipsum dolorem item amit unum. Lorem ipsum dolorem item amit unum.Lorem ipsum dolorem item amit unum.Lorem ipsum dolorem item amit unum.Lorem ipsum dolorem item amit unum.', 'logo.jpg', 'bg.jpg', 'youtube.com', '0000-00-00 00:00:00', '0000-00-00 00:00:00'),
(45, 'UNIVERSIDAD CATOLICA DE COLOMBIA', 0, 1, 107, 0, 'www.ucatolica.edu.co', 'Av Caracas No. 46-72', '2022-07-03 01:54:47', 50000, 'Lorem ipsum dolorem item amit unum. Lorem ipsum dolorem item amit unum.Lorem ipsum dolorem item amit unum.Lorem ipsum dolorem item amit unum.Lorem ipsum dolorem item amit unum.', 'logo.jpg', 'bg.jpg', 'youtube.com', '0000-00-00 00:00:00', '0000-00-00 00:00:00'),
(46, 'FUNDACION UNIVERSIDAD AUTONOMA DE COLOMBIA -FUAC-', 0, 0, 107, 0, 'www.fuac.edu.co', 'Calle 13  4-31 Correspondencia: Cra.4 12-85', '2022-07-03 01:54:47', 50000, 'Lorem ipsum dolorem item amit unum. Lorem ipsum dolorem item amit unum.Lorem ipsum dolorem item amit unum.Lorem ipsum dolorem item amit unum.Lorem ipsum dolorem item amit unum.', 'logo.jpg', 'bg.jpg', 'youtube.com', '0000-00-00 00:00:00', '0000-00-00 00:00:00'),
(47, 'UNIVERSIDAD SERGIO ARBOLEDA', 0, 1, 107, 0, 'www.usergioarboleda.edu.co', 'Calle 74 No. 14-14', '2022-07-03 01:54:47', 50000, 'Lorem ipsum dolorem item amit unum. Lorem ipsum dolorem item amit unum.Lorem ipsum dolorem item amit unum.Lorem ipsum dolorem item amit unum.Lorem ipsum dolorem item amit unum.', 'logo.jpg', 'bg.jpg', 'youtube.com', '0000-00-00 00:00:00', '0000-00-00 00:00:00'),
(48, 'UNIVERSIDAD EL BOSQUE', 0, 1, 107, 0, 'www.unbosque.edu.co', 'Av. Cra 9 No. 131 A - 02 Edificio Fundadores', '2022-07-03 01:54:47', 50000, 'Lorem ipsum dolorem item amit unum. Lorem ipsum dolorem item amit unum.Lorem ipsum dolorem item amit unum.Lorem ipsum dolorem item amit unum.Lorem ipsum dolorem item amit unum.', 'logo.jpg', 'bg.jpg', 'youtube.com', '0000-00-00 00:00:00', '0000-00-00 00:00:00'),
(49, 'UNIVERSIDAD MANUELA BELTRAN-UMB-', 0, 1, 107, 0, 'www.umb.edu.co', 'Avenida Circunvalar No. 60 - 00', '2022-07-03 01:54:47', 50000, 'Lorem ipsum dolorem item amit unum. Lorem ipsum dolorem item amit unum.Lorem ipsum dolorem item amit unum.Lorem ipsum dolorem item amit unum.Lorem ipsum dolorem item amit unum.', 'logo.jpg', 'bg.jpg', 'youtube.com', '0000-00-00 00:00:00', '0000-00-00 00:00:00'),
(50, 'UNIVERSIDAD LA GRAN COLOMBIA', 0, 0, 107, 0, 'www.ugc.edu.co', 'Carrera 6 No. 13-40', '2022-07-03 01:54:47', 50000, 'Lorem ipsum dolorem item amit unum. Lorem ipsum dolorem item amit unum.Lorem ipsum dolorem item amit unum.Lorem ipsum dolorem item amit unum.Lorem ipsum dolorem item amit unum.', 'logo.jpg', 'bg.jpg', 'youtube.com', '0000-00-00 00:00:00', '0000-00-00 00:00:00'),
(51, 'UNIVERSIDAD DE LA SALLE', 0, 1, 107, 0, 'www.lasalle.edu.co', 'Cra.5  59A-44', '2022-07-03 01:54:47', 50000, 'Lorem ipsum dolorem item amit unum. Lorem ipsum dolorem item amit unum.Lorem ipsum dolorem item amit unum.Lorem ipsum dolorem item amit unum.Lorem ipsum dolorem item amit unum.', 'logo.jpg', 'bg.jpg', 'youtube.com', '0000-00-00 00:00:00', '0000-00-00 00:00:00'),
(52, 'UNIVERSIDAD LIBRE', 0, 1, 107, 0, 'www.unilibre.edu.co', 'Calle 8 No. 5-80', '2022-07-03 01:54:47', 50000, 'Lorem ipsum dolorem item amit unum. Lorem ipsum dolorem item amit unum.Lorem ipsum dolorem item amit unum.Lorem ipsum dolorem item amit unum.Lorem ipsum dolorem item amit unum.', 'logo.jpg', 'bg.jpg', 'youtube.com', '0000-00-00 00:00:00', '0000-00-00 00:00:00'),
(53, 'UNIVERSIDAD DE LOS ANDES', 0, 1, 107, 0, 'www.uniandes.edu.co', 'Carrera 1 No. 18A-70', '2022-07-03 01:54:47', 50000, 'Lorem ipsum dolorem item amit unum. Lorem ipsum dolorem item amit unum.Lorem ipsum dolorem item amit unum.Lorem ipsum dolorem item amit unum.Lorem ipsum dolorem item amit unum.', 'logo.jpg', 'bg.jpg', 'youtube.com', '0000-00-00 00:00:00', '0000-00-00 00:00:00'),
(54, 'CORPORACION UNIVERSIDAD PILOTO DE COLOMBIA', 0, 0, 107, 0, 'www.unipiloto.edu.co', 'Carrera  9  45A-44', '2022-07-03 01:54:47', 50000, 'Lorem ipsum dolorem item amit unum. Lorem ipsum dolorem item amit unum.Lorem ipsum dolorem item amit unum.Lorem ipsum dolorem item amit unum.Lorem ipsum dolorem item amit unum.', 'logo.jpg', 'bg.jpg', 'youtube.com', '0000-00-00 00:00:00', '0000-00-00 00:00:00'),
(55, 'UNIVERSIDAD COOPERATIVA DE COLOMBIA', 0, 0, 107, 0, 'www.ucc.edu.co', 'Av. Caracas  No. 44-21 Recibo Correspondencia: Av. Caracas No. 37-63', '2022-07-03 01:54:47', 50000, 'Lorem ipsum dolorem item amit unum. Lorem ipsum dolorem item amit unum.Lorem ipsum dolorem item amit unum.Lorem ipsum dolorem item amit unum.Lorem ipsum dolorem item amit unum.', 'logo.jpg', 'bg.jpg', 'youtube.com', '0000-00-00 00:00:00', '0000-00-00 00:00:00'),
(56, 'UNIVERSIDAD ANTONIO NARIÑO', 0, 1, 107, 0, 'www.uan.edu.co', 'Carrera 38  58 A 77', '2022-07-03 01:54:47', 50000, 'Lorem ipsum dolorem item amit unum. Lorem ipsum dolorem item amit unum.Lorem ipsum dolorem item amit unum.Lorem ipsum dolorem item amit unum.Lorem ipsum dolorem item amit unum.', 'logo.jpg', 'bg.jpg', 'youtube.com', '0000-00-00 00:00:00', '0000-00-00 00:00:00'),
(57, 'UNIVERSIDAD DE CIENCIAS APLICADAS Y AMBIENTALES - UDCA', 0, 1, 107, 0, 'www.udca.edu.co', 'Calle 222  54-37', '2022-07-03 01:54:47', 50000, 'Lorem ipsum dolorem item amit unum. Lorem ipsum dolorem item amit unum.Lorem ipsum dolorem item amit unum.Lorem ipsum dolorem item amit unum.Lorem ipsum dolorem item amit unum.', 'logo.jpg', 'bg.jpg', 'youtube.com', '0000-00-00 00:00:00', '0000-00-00 00:00:00'),
(58, 'UNIVERSIDAD NACIONAL ABIERTA Y A DISTANCIA UNAD', 1, 0, 107, 0, 'www.unad.edu.co', 'Calle 14 No 14-23 Sur', '2022-07-03 01:54:47', 50000, 'Lorem ipsum dolorem item amit unum. Lorem ipsum dolorem item amit unum.Lorem ipsum dolorem item amit unum.Lorem ipsum dolorem item amit unum.Lorem ipsum dolorem item amit unum.', 'logo.jpg', 'bg.jpg', 'youtube.com', '0000-00-00 00:00:00', '0000-00-00 00:00:00'),
(59, 'ESCUELA SUPERIOR DE ADMINISTRACION PUBLICA-ESAP-', 1, 0, 107, 0, 'www.esap.edu.co', 'Calle 44 # 53 - 37 CAN', '2022-07-03 01:54:47', 50000, 'Lorem ipsum dolorem item amit unum. Lorem ipsum dolorem item amit unum.Lorem ipsum dolorem item amit unum.Lorem ipsum dolorem item amit unum.Lorem ipsum dolorem item amit unum.', 'logo.jpg', 'bg.jpg', 'youtube.com', '0000-00-00 00:00:00', '0000-00-00 00:00:00'),
(60, 'DIRECCION NACIONAL DE ESCUELAS', 1, 1, 107, 0, 'www.policia.edu.co', 'Transversal 33 47A-35 Sur Barrio Fátima', '2022-07-03 01:54:47', 50000, 'Lorem ipsum dolorem item amit unum. Lorem ipsum dolorem item amit unum.Lorem ipsum dolorem item amit unum.Lorem ipsum dolorem item amit unum.Lorem ipsum dolorem item amit unum.', 'logo.jpg', 'bg.jpg', 'youtube.com', '0000-00-00 00:00:00', '0000-00-00 00:00:00'),
(61, 'INSTITUCION UNIVERSITARIA COLEGIOS DE COLOMBIA - UNICOC', 0, 0, 107, 0, 'www.odontologico.edu.co', 'Carrera 9  13-40 Piso 4', '2022-07-03 01:54:47', 50000, 'Lorem ipsum dolorem item amit unum. Lorem ipsum dolorem item amit unum.Lorem ipsum dolorem item amit unum.Lorem ipsum dolorem item amit unum.Lorem ipsum dolorem item amit unum.', 'logo.jpg', 'bg.jpg', 'youtube.com', '0000-00-00 00:00:00', '0000-00-00 00:00:00'),
(62, 'FUNDACION UNIVERSITARIA DE CIENCIAS DE LA SALUD', 0, 1, 107, 0, 'www.fucsalud.edu.co', 'Carrera 19  8A-32', '2022-07-03 01:54:47', 50000, 'Lorem ipsum dolorem item amit unum. Lorem ipsum dolorem item amit unum.Lorem ipsum dolorem item amit unum.Lorem ipsum dolorem item amit unum.Lorem ipsum dolorem item amit unum.', 'logo.jpg', 'bg.jpg', 'youtube.com', '0000-00-00 00:00:00', '0000-00-00 00:00:00'),
(63, 'COLEGIO DE ESTUDIOS SUPERIORES DE ADMINISTRACION-CESA-', 0, 1, 107, 0, 'www.cesa.edu.co', 'Calle 35 No. 6-16', '2022-07-03 01:54:47', 50000, 'Lorem ipsum dolorem item amit unum. Lorem ipsum dolorem item amit unum.Lorem ipsum dolorem item amit unum.Lorem ipsum dolorem item amit unum.Lorem ipsum dolorem item amit unum.', 'logo.jpg', 'bg.jpg', 'youtube.com', '0000-00-00 00:00:00', '0000-00-00 00:00:00'),
(64, 'FUNDACIÓN UNIVERSITARIA JUAN N. CORPAS', 0, 0, 107, 0, 'www.juancorpas.edu.co', 'Carrera 111 No. 159 A 61 (Av. Corpas Km. 3 Suba)', '2022-07-03 01:54:47', 50000, 'Lorem ipsum dolorem item amit unum. Lorem ipsum dolorem item amit unum.Lorem ipsum dolorem item amit unum.Lorem ipsum dolorem item amit unum.Lorem ipsum dolorem item amit unum.', 'logo.jpg', 'bg.jpg', 'youtube.com', '0000-00-00 00:00:00', '0000-00-00 00:00:00'),
(65, 'FUNDACION UNIVERSITARIA SAN MARTIN', 0, 0, 107, 0, 'www.sanmartin.edu.co', 'Carrera 18 No. 80-45', '2022-07-03 01:54:47', 50000, 'Lorem ipsum dolorem item amit unum. Lorem ipsum dolorem item amit unum.Lorem ipsum dolorem item amit unum.Lorem ipsum dolorem item amit unum.Lorem ipsum dolorem item amit unum.', 'logo.jpg', 'bg.jpg', 'youtube.com', '0000-00-00 00:00:00', '0000-00-00 00:00:00'),
(66, 'FUNDACION UNIVERSITARIA MONSERRATE -UNIMONSERRATE', 0, 0, 107, 0, 'www.unimonserrate.edu.co', 'Calle 72  11-41', '2022-07-03 01:54:47', 50000, 'Lorem ipsum dolorem item amit unum. Lorem ipsum dolorem item amit unum.Lorem ipsum dolorem item amit unum.Lorem ipsum dolorem item amit unum.Lorem ipsum dolorem item amit unum.', 'logo.jpg', 'bg.jpg', 'youtube.com', '0000-00-00 00:00:00', '0000-00-00 00:00:00'),
(67, 'FUNDACION UNIVERSITARIA KONRAD LORENZ', 0, 0, 107, 0, 'www.konradlorenz.edu.co', 'Carrera 9 Bis  62-43', '2022-07-03 01:54:47', 50000, 'Lorem ipsum dolorem item amit unum. Lorem ipsum dolorem item amit unum.Lorem ipsum dolorem item amit unum.Lorem ipsum dolorem item amit unum.Lorem ipsum dolorem item amit unum.', 'logo.jpg', 'bg.jpg', 'youtube.com', '0000-00-00 00:00:00', '0000-00-00 00:00:00'),
(68, 'FUNDACION UNIVERSITARIA LOS LIBERTADORES', 0, 0, 107, 0, 'No disponible', 'Carrera 16  63A-68', '2022-07-03 01:54:47', 50000, 'Lorem ipsum dolorem item amit unum. Lorem ipsum dolorem item amit unum.Lorem ipsum dolorem item amit unum.Lorem ipsum dolorem item amit unum.Lorem ipsum dolorem item amit unum.', 'logo.jpg', 'bg.jpg', 'youtube.com', '0000-00-00 00:00:00', '0000-00-00 00:00:00'),
(69, 'FUNDACION UNIVERSITARIA AGRARIA DE COLOMBIA -UNIAGRARIA-', 0, 0, 107, 0, 'www.uniagraria.edu.co', 'Calle 170 No. 54 A -10', '2022-07-03 01:54:47', 50000, 'Lorem ipsum dolorem item amit unum. Lorem ipsum dolorem item amit unum.Lorem ipsum dolorem item amit unum.Lorem ipsum dolorem item amit unum.Lorem ipsum dolorem item amit unum.', 'logo.jpg', 'bg.jpg', 'youtube.com', '0000-00-00 00:00:00', '0000-00-00 00:00:00'),
(70, 'POLITECNICO GRANCOLOMBIANO', 0, 0, 107, 0, 'www.poli.edu.co', 'Calle 57  3-00 Este', '2022-07-03 01:54:47', 50000, 'Lorem ipsum dolorem item amit unum. Lorem ipsum dolorem item amit unum.Lorem ipsum dolorem item amit unum.Lorem ipsum dolorem item amit unum.Lorem ipsum dolorem item amit unum.', 'logo.jpg', 'bg.jpg', 'youtube.com', '0000-00-00 00:00:00', '0000-00-00 00:00:00'),
(71, 'FUNDACION UNIVERSITARIA DEL AREA ANDINA', 0, 1, 107, 0, 'www.areanadina.edu.co', 'Clle 71 No. 13-21', '2022-07-03 01:54:47', 50000, 'Lorem ipsum dolorem item amit unum. Lorem ipsum dolorem item amit unum.Lorem ipsum dolorem item amit unum.Lorem ipsum dolorem item amit unum.Lorem ipsum dolorem item amit unum.', 'logo.jpg', 'bg.jpg', 'youtube.com', '0000-00-00 00:00:00', '0000-00-00 00:00:00'),
(72, 'FUNDACION ESCUELA COLOMBIANA DE REHABILITACION', 0, 0, 107, 0, 'www.ecr.edu.co', 'Avenida Cra. 15   151-68', '2022-07-03 01:54:47', 50000, 'Lorem ipsum dolorem item amit unum. Lorem ipsum dolorem item amit unum.Lorem ipsum dolorem item amit unum.Lorem ipsum dolorem item amit unum.Lorem ipsum dolorem item amit unum.', 'logo.jpg', 'bg.jpg', 'youtube.com', '0000-00-00 00:00:00', '0000-00-00 00:00:00'),
(73, 'FUNDACIÓN UNIVERSITARIA SAN ALFONSO- FUSA-', 0, 0, 107, 0, 'www.fusa.edu.co', 'Calle 37  22 - 47', '2022-07-03 01:54:47', 50000, 'Lorem ipsum dolorem item amit unum. Lorem ipsum dolorem item amit unum.Lorem ipsum dolorem item amit unum.Lorem ipsum dolorem item amit unum.Lorem ipsum dolorem item amit unum.', 'logo.jpg', 'bg.jpg', 'youtube.com', '0000-00-00 00:00:00', '0000-00-00 00:00:00'),
(74, 'FUNDACION UNIVERSITARIA EMPRESARIAL DE LA CAMARA DE COMERCIO DE BOGOTA- UNIEMPRESARIAL', 0, 0, 107, 0, 'www.uniempresarial.edu.co', 'Carrera 33 A No.30-20', '2022-07-03 01:54:47', 50000, 'Lorem ipsum dolorem item amit unum. Lorem ipsum dolorem item amit unum.Lorem ipsum dolorem item amit unum.Lorem ipsum dolorem item amit unum.Lorem ipsum dolorem item amit unum.', 'logo.jpg', 'bg.jpg', 'youtube.com', '0000-00-00 00:00:00', '0000-00-00 00:00:00'),
(75, 'INSTITUCION UNIVERSITARIA COLOMBO AMERICANA - UNICA', 0, 0, 107, 0, 'www.unica.edu.co', 'Avenida 19  2-49 Piso 2', '2022-07-03 01:54:47', 50000, 'Lorem ipsum dolorem item amit unum. Lorem ipsum dolorem item amit unum.Lorem ipsum dolorem item amit unum.Lorem ipsum dolorem item amit unum.Lorem ipsum dolorem item amit unum.', 'logo.jpg', 'bg.jpg', 'youtube.com', '0000-00-00 00:00:00', '0000-00-00 00:00:00'),
(76, 'FUNDACIÓN UNIVERSITARIA COMPENSAR', 0, 0, 107, 0, 'www.unipanamericana.edu.co', 'Av. 32   17-30', '2022-07-03 01:54:47', 50000, 'Lorem ipsum dolorem item amit unum. Lorem ipsum dolorem item amit unum.Lorem ipsum dolorem item amit unum.Lorem ipsum dolorem item amit unum.Lorem ipsum dolorem item amit unum.', 'logo.jpg', 'bg.jpg', 'youtube.com', '0000-00-00 00:00:00', '0000-00-00 00:00:00'),
(77, 'FUNDACION UNIVERSITARIA SANITAS', 0, 0, 107, 0, 'www.unisanitas.edu.co', 'Calle 170 # 08-41', '2022-07-03 01:54:47', 50000, 'Lorem ipsum dolorem item amit unum. Lorem ipsum dolorem item amit unum.Lorem ipsum dolorem item amit unum.Lorem ipsum dolorem item amit unum.Lorem ipsum dolorem item amit unum.', 'logo.jpg', 'bg.jpg', 'youtube.com', '0000-00-00 00:00:00', '0000-00-00 00:00:00'),
(78, 'ESCUELA COLOMBIANA DE INGENIERIA JULIO GARAVITO', 0, 1, 107, 0, 'www.escuelaing.edu.co', 'AK 45  205-59 (Autopista Norte - Km.13)', '2022-07-03 01:54:47', 50000, 'Lorem ipsum dolorem item amit unum. Lorem ipsum dolorem item amit unum.Lorem ipsum dolorem item amit unum.Lorem ipsum dolorem item amit unum.Lorem ipsum dolorem item amit unum.', 'logo.jpg', 'bg.jpg', 'youtube.com', '0000-00-00 00:00:00', '0000-00-00 00:00:00'),
(79, 'UNIVERSIDAD EAN', 0, 1, 107, 0, 'www.ean.edu.co', 'Carrera 11 No 78-47', '2022-07-03 01:54:47', 50000, 'Lorem ipsum dolorem item amit unum. Lorem ipsum dolorem item amit unum.Lorem ipsum dolorem item amit unum.Lorem ipsum dolorem item amit unum.Lorem ipsum dolorem item amit unum.', 'logo.jpg', 'bg.jpg', 'youtube.com', '0000-00-00 00:00:00', '0000-00-00 00:00:00'),
(80, 'ESCUELA SUPERIOR DE OFTALMOLOGIA INSTITUTO BARRAQUER DE AMERICA', 0, 0, 107, 0, 'www.institutobarraquer.com', 'Avenida  Calle 100  18A - 51 Oficina 306', '2022-07-03 01:54:47', 50000, 'Lorem ipsum dolorem item amit unum. Lorem ipsum dolorem item amit unum.Lorem ipsum dolorem item amit unum.Lorem ipsum dolorem item amit unum.Lorem ipsum dolorem item amit unum.', 'logo.jpg', 'bg.jpg', 'youtube.com', '0000-00-00 00:00:00', '0000-00-00 00:00:00'),
(81, 'CORPORACION UNIVERSITARIA DE COLOMBIA IDEAS', 0, 0, 107, 0, 'www.ideas.edu.co', 'Calle 70 10A-75', '2022-07-03 01:54:47', 50000, 'Lorem ipsum dolorem item amit unum. Lorem ipsum dolorem item amit unum.Lorem ipsum dolorem item amit unum.Lorem ipsum dolorem item amit unum.Lorem ipsum dolorem item amit unum.', 'logo.jpg', 'bg.jpg', 'youtube.com', '0000-00-00 00:00:00', '0000-00-00 00:00:00'),
(82, 'CORPORACION UNIVERSITARIA MINUTO DE DIOS -UNIMINUTO-', 0, 0, 107, 0, 'www.uniminuto.edu', 'Calle 81 B No. 72 B - 70', '2022-07-03 01:54:47', 50000, 'Lorem ipsum dolorem item amit unum. Lorem ipsum dolorem item amit unum.Lorem ipsum dolorem item amit unum.Lorem ipsum dolorem item amit unum.Lorem ipsum dolorem item amit unum.', 'logo.jpg', 'bg.jpg', 'youtube.com', '0000-00-00 00:00:00', '0000-00-00 00:00:00'),
(83, 'CORPORACION UNIVERSITARIA IBEROAMERICANA', 0, 0, 107, 0, 'https://www.ibero.edu.co/', 'Calle 67   5-27', '2022-07-03 01:54:47', 50000, 'Lorem ipsum dolorem item amit unum. Lorem ipsum dolorem item amit unum.Lorem ipsum dolorem item amit unum.Lorem ipsum dolorem item amit unum.Lorem ipsum dolorem item amit unum.', 'logo.jpg', 'bg.jpg', 'youtube.com', '0000-00-00 00:00:00', '0000-00-00 00:00:00'),
(84, 'CORPORACION UNIVERSITARIA DE CIENCIA Y DESARROLLO - UNICIENCIA', 0, 0, 107, 0, 'www.uniciencia.edu.co', 'Calle 74  15-73', '2022-07-03 01:54:47', 50000, 'Lorem ipsum dolorem item amit unum. Lorem ipsum dolorem item amit unum.Lorem ipsum dolorem item amit unum.Lorem ipsum dolorem item amit unum.Lorem ipsum dolorem item amit unum.', 'logo.jpg', 'bg.jpg', 'youtube.com', '0000-00-00 00:00:00', '0000-00-00 00:00:00'),
(85, 'UNIVERSITARIA AGUSTINIANA- UNIAGUSTINIANA', 0, 0, 107, 0, 'www.uniagustiniana.edu.co', 'Av Ciudad de Cali No 11B-95', '2022-07-03 01:54:47', 50000, 'Lorem ipsum dolorem item amit unum. Lorem ipsum dolorem item amit unum.Lorem ipsum dolorem item amit unum.Lorem ipsum dolorem item amit unum.Lorem ipsum dolorem item amit unum.', 'logo.jpg', 'bg.jpg', 'youtube.com', '0000-00-00 00:00:00', '0000-00-00 00:00:00'),
(86, 'CORPORACION UNIVERSITARIA REPUBLICANA', 0, 0, 107, 0, 'www.urepublicana.edu.co', 'Carrera 7  19-38', '2022-07-03 01:54:47', 50000, 'Lorem ipsum dolorem item amit unum. Lorem ipsum dolorem item amit unum.Lorem ipsum dolorem item amit unum.Lorem ipsum dolorem item amit unum.Lorem ipsum dolorem item amit unum.', 'logo.jpg', 'bg.jpg', 'youtube.com', '0000-00-00 00:00:00', '0000-00-00 00:00:00'),
(87, 'CORPORACION UNIVERSITARIA  UNITEC', 0, 0, 107, 0, 'www.unitec.edu.co', 'Calle 76   12-58', '2022-07-03 01:54:47', 50000, 'Lorem ipsum dolorem item amit unum. Lorem ipsum dolorem item amit unum.Lorem ipsum dolorem item amit unum.Lorem ipsum dolorem item amit unum.Lorem ipsum dolorem item amit unum.', 'logo.jpg', 'bg.jpg', 'youtube.com', '0000-00-00 00:00:00', '0000-00-00 00:00:00'),
(88, 'ESCUELA DE INTELIGENCIA Y CONTRAINTELIGENCIA BRIGADIER GENERAL RICARDO CHARRY SOLANO', 1, 0, 107, 0, 'www.esici.edu.co', 'Carrera 8a No. 101-33', '2022-07-03 01:54:47', 50000, 'Lorem ipsum dolorem item amit unum. Lorem ipsum dolorem item amit unum.Lorem ipsum dolorem item amit unum.Lorem ipsum dolorem item amit unum.Lorem ipsum dolorem item amit unum.', 'logo.jpg', 'bg.jpg', 'youtube.com', '0000-00-00 00:00:00', '0000-00-00 00:00:00'),
(89, 'ESCUELA DE LOGISTICA', 1, 0, 107, 0, 'No disponible', 'Calle 11 Sur  10-50 Este San Cristóbal', '2022-07-03 01:54:47', 50000, 'Lorem ipsum dolorem item amit unum. Lorem ipsum dolorem item amit unum.Lorem ipsum dolorem item amit unum.Lorem ipsum dolorem item amit unum.Lorem ipsum dolorem item amit unum.', 'logo.jpg', 'bg.jpg', 'youtube.com', '0000-00-00 00:00:00', '0000-00-00 00:00:00'),
(90, 'ESCUELA SUPERIOR DE GUERRA GENERAL RAFAEL REYES PRIETO', 1, 0, 107, 0, 'www.esdegue.mil.co', 'Carrera 11 102-50', '2022-07-03 01:54:47', 50000, 'Lorem ipsum dolorem item amit unum. Lorem ipsum dolorem item amit unum.Lorem ipsum dolorem item amit unum.Lorem ipsum dolorem item amit unum.Lorem ipsum dolorem item amit unum.', 'logo.jpg', 'bg.jpg', 'youtube.com', '0000-00-00 00:00:00', '0000-00-00 00:00:00'),
(91, 'CENTRO DE EDUCACION MILITAR - CEMIL', 1, 0, 107, 0, 'www.cemil.mil.co', 'Calle 102 7-80', '2022-07-03 01:54:47', 50000, 'Lorem ipsum dolorem item amit unum. Lorem ipsum dolorem item amit unum.Lorem ipsum dolorem item amit unum.Lorem ipsum dolorem item amit unum.Lorem ipsum dolorem item amit unum.', 'logo.jpg', 'bg.jpg', 'youtube.com', '0000-00-00 00:00:00', '0000-00-00 00:00:00'),
(92, 'ESCUELA DE POSTGRADOS DE LA FUERZA AEREA COLOMBIANA CAPITAN JOSE EDMUNDO SANDOVAL - EPFAC', 1, 0, 107, 0, 'www.ima.edu.co', 'Carrera 11 102 - 50 Edificio ESDEGUE Of.412', '2022-07-03 01:54:47', 50000, 'Lorem ipsum dolorem item amit unum. Lorem ipsum dolorem item amit unum.Lorem ipsum dolorem item amit unum.Lorem ipsum dolorem item amit unum.Lorem ipsum dolorem item amit unum.', 'logo.jpg', 'bg.jpg', 'youtube.com', '0000-00-00 00:00:00', '0000-00-00 00:00:00'),
(93, 'FUNDACION TECNOLOGICA AUTONOMA DE BOGOTA-FABA-', 0, 0, 107, 0, 'www.faba.edu.co', 'Carrera 14   80 - 35', '2022-07-03 01:54:47', 50000, 'Lorem ipsum dolorem item amit unum. Lorem ipsum dolorem item amit unum.Lorem ipsum dolorem item amit unum.Lorem ipsum dolorem item amit unum.Lorem ipsum dolorem item amit unum.', 'logo.jpg', 'bg.jpg', 'youtube.com', '0000-00-00 00:00:00', '0000-00-00 00:00:00'),
(94, 'FUNDACION CENTRO DE INVESTIGACION DOCENCIA Y CONSULTORIA ADMINISTRATIVA-F-CIDCA-', 0, 0, 107, 0, 'www.cidca.edu.co.', 'Calle 61  11-09  sede Carrera 18  38-19', '2022-07-03 01:54:47', 50000, 'Lorem ipsum dolorem item amit unum. Lorem ipsum dolorem item amit unum.Lorem ipsum dolorem item amit unum.Lorem ipsum dolorem item amit unum.Lorem ipsum dolorem item amit unum.', 'logo.jpg', 'bg.jpg', 'youtube.com', '0000-00-00 00:00:00', '0000-00-00 00:00:00'),
(95, 'FUNDACION UNIVERSITARIA PARA EL DESARROLLO HUMANO - UNINPAHU', 0, 0, 107, 0, 'www.inpahu.edu.co', 'Avenida 39  15-58', '2022-07-03 01:54:47', 50000, 'Lorem ipsum dolorem item amit unum. Lorem ipsum dolorem item amit unum.Lorem ipsum dolorem item amit unum.Lorem ipsum dolorem item amit unum.Lorem ipsum dolorem item amit unum.', 'logo.jpg', 'bg.jpg', 'youtube.com', '0000-00-00 00:00:00', '0000-00-00 00:00:00'),
(96, 'INSTITUCION UNIVERSITARIA LATINA - UNILATINA', 0, 0, 107, 0, 'www.unilatina.edu.co', 'Calle 46 No. 3-05', '2022-07-03 01:54:47', 50000, 'Lorem ipsum dolorem item amit unum. Lorem ipsum dolorem item amit unum.Lorem ipsum dolorem item amit unum.Lorem ipsum dolorem item amit unum.Lorem ipsum dolorem item amit unum.', 'logo.jpg', 'bg.jpg', 'youtube.com', '0000-00-00 00:00:00', '0000-00-00 00:00:00'),
(97, 'FUNDACION TECNOLOGICA ALBERTO MERANI', 0, 0, 107, 0, 'www.tecnologicafusfa.edu.co', 'Carrera 10 No.23-32', '2022-07-03 01:54:47', 50000, 'Lorem ipsum dolorem item amit unum. Lorem ipsum dolorem item amit unum.Lorem ipsum dolorem item amit unum.Lorem ipsum dolorem item amit unum.Lorem ipsum dolorem item amit unum.', 'logo.jpg', 'bg.jpg', 'youtube.com', '0000-00-00 00:00:00', '0000-00-00 00:00:00'),
(98, 'CORPORACION TECNOLOGICA DE BOGOTA - CTB', 0, 0, 107, 0, 'www.ctb.edu.co', 'Carrera 21 53D-35', '2022-07-03 01:54:47', 50000, 'Lorem ipsum dolorem item amit unum. Lorem ipsum dolorem item amit unum.Lorem ipsum dolorem item amit unum.Lorem ipsum dolorem item amit unum.Lorem ipsum dolorem item amit unum.', 'logo.jpg', 'bg.jpg', 'youtube.com', '0000-00-00 00:00:00', '0000-00-00 00:00:00'),
(99, 'INSTITUTO SUPERIOR DE CIENCIAS SOCIALES Y ECONOMICO FAMILIARES-ICSEF-', 0, 0, 107, 0, 'www.icsef.edu.co', 'Diagonal 182 No. 20-17 Interior 6 Of. 521', '2022-07-03 01:54:47', 50000, 'Lorem ipsum dolorem item amit unum. Lorem ipsum dolorem item amit unum.Lorem ipsum dolorem item amit unum.Lorem ipsum dolorem item amit unum.Lorem ipsum dolorem item amit unum.', 'logo.jpg', 'bg.jpg', 'youtube.com', '0000-00-00 00:00:00', '0000-00-00 00:00:00'),
(100, 'CORPORACION TECNOLOGICA INDUSTRIAL COLOMBIANA - TEINCO', 0, 0, 107, 0, 'www.teinco.edu.co', 'Calle 42  16-86', '2022-07-03 01:54:47', 50000, 'Lorem ipsum dolorem item amit unum. Lorem ipsum dolorem item amit unum.Lorem ipsum dolorem item amit unum.Lorem ipsum dolorem item amit unum.Lorem ipsum dolorem item amit unum.', 'logo.jpg', 'bg.jpg', 'youtube.com', '0000-00-00 00:00:00', '0000-00-00 00:00:00'),
(101, 'POLITECNICO ICAFT', 0, 0, 107, 0, 'www.icaft.edu.co', 'Calle 39 No.14-62', '2022-07-03 01:54:47', 50000, 'Lorem ipsum dolorem item amit unum. Lorem ipsum dolorem item amit unum.Lorem ipsum dolorem item amit unum.Lorem ipsum dolorem item amit unum.Lorem ipsum dolorem item amit unum.', 'logo.jpg', 'bg.jpg', 'youtube.com', '0000-00-00 00:00:00', '0000-00-00 00:00:00'),
(102, 'ESCUELA SUPERIOR DE CIENCIAS EMPRESARIALES - ECIEM', 0, 0, 107, 0, 'www.eciem.edu.co', 'Calle 24 27 A-62', '2022-07-03 01:54:47', 50000, 'Lorem ipsum dolorem item amit unum. Lorem ipsum dolorem item amit unum.Lorem ipsum dolorem item amit unum.Lorem ipsum dolorem item amit unum.Lorem ipsum dolorem item amit unum.', 'logo.jpg', 'bg.jpg', 'youtube.com', '0000-00-00 00:00:00', '0000-00-00 00:00:00'),
(103, 'CORPORACION INTERNACIONAL PARA EL DESARROLLO EDUCATIVO -CIDE-', 0, 0, 107, 0, 'www.cide.edu.co', 'Calle 41  27A-56 La Soledad', '2022-07-03 01:54:47', 50000, 'Lorem ipsum dolorem item amit unum. Lorem ipsum dolorem item amit unum.Lorem ipsum dolorem item amit unum.Lorem ipsum dolorem item amit unum.Lorem ipsum dolorem item amit unum.', 'logo.jpg', 'bg.jpg', 'youtube.com', '0000-00-00 00:00:00', '0000-00-00 00:00:00'),
(104, 'POLITECNICO SANTAFE DE BOGOTA', 0, 0, 107, 0, 'www.psb.edu.co', 'Transversal 18 A Bis Nº 37 - 11', '2022-07-03 01:54:47', 50000, 'Lorem ipsum dolorem item amit unum. Lorem ipsum dolorem item amit unum.Lorem ipsum dolorem item amit unum.Lorem ipsum dolorem item amit unum.Lorem ipsum dolorem item amit unum.', 'logo.jpg', 'bg.jpg', 'youtube.com', '0000-00-00 00:00:00', '0000-00-00 00:00:00'),
(105, 'CORPORACIÓN TECNOlóGICA DE EDUCACIÓN SUPERIOR SAPIENZA -CTE-', 0, 0, 107, 0, 'www.tecnologica.edu.co', 'Carrera 5 No. 23-16', '2022-07-03 01:54:47', 50000, 'Lorem ipsum dolorem item amit unum. Lorem ipsum dolorem item amit unum.Lorem ipsum dolorem item amit unum.Lorem ipsum dolorem item amit unum.Lorem ipsum dolorem item amit unum.', 'logo.jpg', 'bg.jpg', 'youtube.com', '0000-00-00 00:00:00', '0000-00-00 00:00:00'),
(106, 'CORPORACIÓN JOHN F. KENNEDY', 0, 0, 107, 0, 'www.jfk.edu.co', 'Cll 46 #13-43', '2022-07-03 01:54:47', 50000, 'Lorem ipsum dolorem item amit unum. Lorem ipsum dolorem item amit unum.Lorem ipsum dolorem item amit unum.Lorem ipsum dolorem item amit unum.Lorem ipsum dolorem item amit unum.', 'logo.jpg', 'bg.jpg', 'youtube.com', '0000-00-00 00:00:00', '0000-00-00 00:00:00'),
(107, 'CORPORACION UNIVERSAL DE INVESTIGACION Y TECNOLOGIA -CORUNIVERSITEC-', 0, 0, 107, 0, 'www.coruniversitec.edu.co', 'Calle 34  15-36', '2022-07-03 01:54:47', 50000, 'Lorem ipsum dolorem item amit unum. Lorem ipsum dolorem item amit unum.Lorem ipsum dolorem item amit unum.Lorem ipsum dolorem item amit unum.Lorem ipsum dolorem item amit unum.', 'logo.jpg', 'bg.jpg', 'youtube.com', '0000-00-00 00:00:00', '0000-00-00 00:00:00'),
(108, 'ESCUELA TECNOLOGICA INSTITUTO TECNICO CENTRAL', 1, 0, 107, 0, 'www.itc.edu.co', 'Calle 13 No.16-74', '2022-07-03 01:54:47', 50000, 'Lorem ipsum dolorem item amit unum. Lorem ipsum dolorem item amit unum.Lorem ipsum dolorem item amit unum.Lorem ipsum dolorem item amit unum.Lorem ipsum dolorem item amit unum.', 'logo.jpg', 'bg.jpg', 'youtube.com', '0000-00-00 00:00:00', '0000-00-00 00:00:00'),
(109, 'FUNDACION DE EDUCACION SUPERIOR SAN JOSE -FESSANJOSE-', 0, 0, 107, 0, 'No disponible', 'Calle  67   14A-29', '2022-07-03 01:54:47', 50000, 'Lorem ipsum dolorem item amit unum. Lorem ipsum dolorem item amit unum.Lorem ipsum dolorem item amit unum.Lorem ipsum dolorem item amit unum.Lorem ipsum dolorem item amit unum.', 'logo.jpg', 'bg.jpg', 'youtube.com', '0000-00-00 00:00:00', '0000-00-00 00:00:00'),
(110, 'FUNDACION PARA LA EDUCACION SUPERIOR REAL DE COLOMBIA', 0, 0, 107, 0, 'No disponible', 'Carrera 48  No.91-16', '2022-07-03 01:54:47', 50000, 'Lorem ipsum dolorem item amit unum. Lorem ipsum dolorem item amit unum.Lorem ipsum dolorem item amit unum.Lorem ipsum dolorem item amit unum.Lorem ipsum dolorem item amit unum.', 'logo.jpg', 'bg.jpg', 'youtube.com', '0000-00-00 00:00:00', '0000-00-00 00:00:00'),
(111, 'FUNDACION CENTRO DE EDUCACION SUPERIORINVESTIGACION Y PROFESIONALIZACION -CEDINPRO-', 0, 0, 107, 0, 'www.cedinpro.edu.co', 'Sede Adtiva: Carrera 46 No.93-40 La Castellana', '2022-07-03 01:54:47', 50000, 'Lorem ipsum dolorem item amit unum. Lorem ipsum dolorem item amit unum.Lorem ipsum dolorem item amit unum.Lorem ipsum dolorem item amit unum.Lorem ipsum dolorem item amit unum.', 'logo.jpg', 'bg.jpg', 'youtube.com', '0000-00-00 00:00:00', '0000-00-00 00:00:00'),
(112, 'FUNDACION ESCUELA COLOMBIANA DE HOTELERIA Y TURISMO-ECOTET-', 0, 0, 107, 0, 'www.ecotet.com', 'Ava. 13 (Autopista Norte)  106-63', '2022-07-03 01:54:47', 50000, 'Lorem ipsum dolorem item amit unum. Lorem ipsum dolorem item amit unum.Lorem ipsum dolorem item amit unum.Lorem ipsum dolorem item amit unum.Lorem ipsum dolorem item amit unum.', 'logo.jpg', 'bg.jpg', 'youtube.com', '0000-00-00 00:00:00', '0000-00-00 00:00:00'),
(113, 'FUNDACIÓN POLITÉCNICO MINUTO DE DIOS - TEC MD', 0, 0, 107, 0, 'politecnicoindoamericano.edu.co', 'Carrera 18 A No.137-80 Piso 5', '2022-07-03 01:54:47', 50000, 'Lorem ipsum dolorem item amit unum. Lorem ipsum dolorem item amit unum.Lorem ipsum dolorem item amit unum.Lorem ipsum dolorem item amit unum.Lorem ipsum dolorem item amit unum.', 'logo.jpg', 'bg.jpg', 'youtube.com', '0000-00-00 00:00:00', '0000-00-00 00:00:00'),
(114, 'FUNDACION INTERAMERICANA TECNICA-FIT-', 0, 0, 107, 0, 'www.fit.edu.co', 'Calle 36  15-63', '2022-07-03 01:54:47', 50000, 'Lorem ipsum dolorem item amit unum. Lorem ipsum dolorem item amit unum.Lorem ipsum dolorem item amit unum.Lorem ipsum dolorem item amit unum.Lorem ipsum dolorem item amit unum.', 'logo.jpg', 'bg.jpg', 'youtube.com', '0000-00-00 00:00:00', '0000-00-00 00:00:00'),
(115, 'FUNDACION DE EDUCACION SUPERIOR NUEVA AMERICA', 0, 0, 107, 0, 'www.nuevaamerica.edu.co', 'Diagonal 47 Sur No.53-46 Barrio Venecia', '2022-07-03 01:54:47', 50000, 'Lorem ipsum dolorem item amit unum. Lorem ipsum dolorem item amit unum.Lorem ipsum dolorem item amit unum.Lorem ipsum dolorem item amit unum.Lorem ipsum dolorem item amit unum.', 'logo.jpg', 'bg.jpg', 'youtube.com', '0000-00-00 00:00:00', '0000-00-00 00:00:00'),
(116, 'FUNDACION UNIVERSITARIA HORIZONTE', 0, 0, 107, 0, 'www.insutec.edu.co', 'Calle 69 No. 14-30', '2022-07-03 01:54:47', 50000, 'Lorem ipsum dolorem item amit unum. Lorem ipsum dolorem item amit unum.Lorem ipsum dolorem item amit unum.Lorem ipsum dolorem item amit unum.Lorem ipsum dolorem item amit unum.', 'logo.jpg', 'bg.jpg', 'youtube.com', '0000-00-00 00:00:00', '0000-00-00 00:00:00'),
(117, 'FUNDACION UNIVERSITARIA SAN MATEO - SAN MATEO EDUCACION SUPERIOR', 0, 0, 107, 0, 'www.fus.edu.co', 'Transversal 17 25-25', '2022-07-03 01:54:47', 50000, 'Lorem ipsum dolorem item amit unum. Lorem ipsum dolorem item amit unum.Lorem ipsum dolorem item amit unum.Lorem ipsum dolorem item amit unum.Lorem ipsum dolorem item amit unum.', 'logo.jpg', 'bg.jpg', 'youtube.com', '0000-00-00 00:00:00', '0000-00-00 00:00:00'),
(118, 'POLITECNICO INTERNACIONAL INSTITUCION DE EDUCACION SUPERIOR', 0, 0, 107, 0, 'www.politecnicointernacional.edu.co', 'Calle 73 No. 10-45', '2022-07-03 01:54:47', 50000, 'Lorem ipsum dolorem item amit unum. Lorem ipsum dolorem item amit unum.Lorem ipsum dolorem item amit unum.Lorem ipsum dolorem item amit unum.Lorem ipsum dolorem item amit unum.', 'logo.jpg', 'bg.jpg', 'youtube.com', '0000-00-00 00:00:00', '0000-00-00 00:00:00'),
(119, 'CORPORACION POLITECNICO COLOMBO ANDINO', 0, 0, 107, 0, 'www.polcolan.edu.co', 'Calle 56 14-67', '2022-07-03 01:54:47', 50000, 'Lorem ipsum dolorem item amit unum. Lorem ipsum dolorem item amit unum.Lorem ipsum dolorem item amit unum.Lorem ipsum dolorem item amit unum.Lorem ipsum dolorem item amit unum.', 'logo.jpg', 'bg.jpg', 'youtube.com', '0000-00-00 00:00:00', '0000-00-00 00:00:00'),
(120, 'CORPORACION TECNICA DE COLOMBIA -CORPOTEC-', 0, 0, 107, 0, 'www.corpotec.edu.co', 'Av. Ciudad de Cali 69A - 47', '2022-07-03 01:54:47', 50000, 'Lorem ipsum dolorem item amit unum. Lorem ipsum dolorem item amit unum.Lorem ipsum dolorem item amit unum.Lorem ipsum dolorem item amit unum.Lorem ipsum dolorem item amit unum.', 'logo.jpg', 'bg.jpg', 'youtube.com', '0000-00-00 00:00:00', '0000-00-00 00:00:00'),
(121, 'CORPORACION CENTRO DE ESTUDIOS ARTISTICOS Y TECNICOS-CEART-', 0, 0, 107, 0, 'www.ce-art.edu.co', 'Calle 42 No.13-26', '2022-07-03 01:54:47', 50000, 'Lorem ipsum dolorem item amit unum. Lorem ipsum dolorem item amit unum.Lorem ipsum dolorem item amit unum.Lorem ipsum dolorem item amit unum.Lorem ipsum dolorem item amit unum.', 'logo.jpg', 'bg.jpg', 'youtube.com', '0000-00-00 00:00:00', '0000-00-00 00:00:00'),
(122, 'CORPORACION UNIVERSITARIA CENDA', 0, 0, 107, 0, 'No disponible', 'Av. Caracas 35-18', '2022-07-03 01:54:47', 50000, 'Lorem ipsum dolorem item amit unum. Lorem ipsum dolorem item amit unum.Lorem ipsum dolorem item amit unum.Lorem ipsum dolorem item amit unum.Lorem ipsum dolorem item amit unum.', 'logo.jpg', 'bg.jpg', 'youtube.com', '0000-00-00 00:00:00', '0000-00-00 00:00:00');
INSERT INTO `universities` (`id`, `name`, `oficial`, `acreditada`, `city_id`, `principal`, `url`, `direccion`, `fundada_at`, `egresados`, `general_description`, `logo`, `background_image`, `about_video_url`, `created_at`, `updated_at`) VALUES
(123, 'CORPORACION DE EDUCACION SUPERIOR SURAMERICA', 0, 0, 107, 0, 'www.lasmercedes.edu.co', 'CaLLE 136 Bis No. 103D-10', '2022-07-03 01:54:47', 50000, 'Lorem ipsum dolorem item amit unum. Lorem ipsum dolorem item amit unum.Lorem ipsum dolorem item amit unum.Lorem ipsum dolorem item amit unum.Lorem ipsum dolorem item amit unum.', 'logo.jpg', 'bg.jpg', 'youtube.com', '0000-00-00 00:00:00', '0000-00-00 00:00:00'),
(124, 'CORPORACION UNIFICADA NACIONAL DE EDUCACION SUPERIOR-CUN-', 0, 0, 107, 0, 'www.cun.edu.co', 'Carrera 5  12-64  La Candelaria', '2022-07-03 01:54:47', 50000, 'Lorem ipsum dolorem item amit unum. Lorem ipsum dolorem item amit unum.Lorem ipsum dolorem item amit unum.Lorem ipsum dolorem item amit unum.Lorem ipsum dolorem item amit unum.', 'logo.jpg', 'bg.jpg', 'youtube.com', '0000-00-00 00:00:00', '0000-00-00 00:00:00'),
(125, 'CORPORACION ESCUELA DE ARTES Y LETRAS', 0, 0, 107, 0, 'www.artesyletras.com.co', 'Carrera 12  70-44/46', '2022-07-03 01:54:47', 50000, 'Lorem ipsum dolorem item amit unum. Lorem ipsum dolorem item amit unum.Lorem ipsum dolorem item amit unum.Lorem ipsum dolorem item amit unum.Lorem ipsum dolorem item amit unum.', 'logo.jpg', 'bg.jpg', 'youtube.com', '0000-00-00 00:00:00', '0000-00-00 00:00:00'),
(126, 'CORPORACION INSTITUTO SUPERIOR DE EDUCACION SOCIAL-ISES-', 0, 0, 107, 0, 'www.ises.edu.co', 'Carrera 23  63 - 36', '2022-07-03 01:54:47', 50000, 'Lorem ipsum dolorem item amit unum. Lorem ipsum dolorem item amit unum.Lorem ipsum dolorem item amit unum.Lorem ipsum dolorem item amit unum.Lorem ipsum dolorem item amit unum.', 'logo.jpg', 'bg.jpg', 'youtube.com', '0000-00-00 00:00:00', '0000-00-00 00:00:00'),
(127, 'CORPORACION UNIVERSITARIA TALLER CINCO CENTRO DE DISEÑO', 0, 0, 107, 0, 'www taller5.edu.co', 'Autopista Norte Km. 19 (Via a Chia)', '2022-07-03 01:54:47', 50000, 'Lorem ipsum dolorem item amit unum. Lorem ipsum dolorem item amit unum.Lorem ipsum dolorem item amit unum.Lorem ipsum dolorem item amit unum.Lorem ipsum dolorem item amit unum.', 'logo.jpg', 'bg.jpg', 'youtube.com', '0000-00-00 00:00:00', '0000-00-00 00:00:00'),
(128, 'UNIVERSIDAD ECCI', 0, 0, 107, 0, 'www.ecci.edu.co', 'Carrera 19  49-20', '2022-07-03 01:54:47', 50000, 'Lorem ipsum dolorem item amit unum. Lorem ipsum dolorem item amit unum.Lorem ipsum dolorem item amit unum.Lorem ipsum dolorem item amit unum.Lorem ipsum dolorem item amit unum.', 'logo.jpg', 'bg.jpg', 'youtube.com', '0000-00-00 00:00:00', '0000-00-00 00:00:00'),
(129, 'ESCUELA MILITAR DE CADETES GENERAL JOSE MARIA CORDOVA', 1, 1, 107, 0, 'www.esmic.edu.co', 'Calle  80  38-00 (Avenida Suba)', '2022-07-03 01:54:47', 50000, 'Lorem ipsum dolorem item amit unum. Lorem ipsum dolorem item amit unum.Lorem ipsum dolorem item amit unum.Lorem ipsum dolorem item amit unum.Lorem ipsum dolorem item amit unum.', 'logo.jpg', 'bg.jpg', 'youtube.com', '0000-00-00 00:00:00', '0000-00-00 00:00:00'),
(130, 'ESCUELA DE INGENIEROS MILITARES', 1, 0, 107, 0, 'www.esing.mil.co', 'Carrera  50 #18-06 Puente Aranda', '2022-07-03 01:54:47', 50000, 'Lorem ipsum dolorem item amit unum. Lorem ipsum dolorem item amit unum.Lorem ipsum dolorem item amit unum.Lorem ipsum dolorem item amit unum.Lorem ipsum dolorem item amit unum.', 'logo.jpg', 'bg.jpg', 'youtube.com', '0000-00-00 00:00:00', '0000-00-00 00:00:00'),
(131, 'INSTITUTO CARO Y CUERVO', 1, 0, 107, 0, 'www.caroycuervo.gov.co', 'Calle 10  4-69', '2022-07-03 01:54:47', 50000, 'Lorem ipsum dolorem item amit unum. Lorem ipsum dolorem item amit unum.Lorem ipsum dolorem item amit unum.Lorem ipsum dolorem item amit unum.Lorem ipsum dolorem item amit unum.', 'logo.jpg', 'bg.jpg', 'youtube.com', '0000-00-00 00:00:00', '0000-00-00 00:00:00'),
(132, 'SERVICIO NACIONAL DE APRENDIZAJE-SENA-', 1, 0, 107, 0, 'www.sena.edu.co', 'Carrera 13 No. 65-10', '2022-07-03 01:54:47', 50000, 'Lorem ipsum dolorem item amit unum. Lorem ipsum dolorem item amit unum.Lorem ipsum dolorem item amit unum.Lorem ipsum dolorem item amit unum.Lorem ipsum dolorem item amit unum.', 'logo.jpg', 'bg.jpg', 'youtube.com', '0000-00-00 00:00:00', '0000-00-00 00:00:00'),
(133, 'ESCUELA INTERNACIONAL DE ESTUDIOS SUPERIORES - INTER', 0, 0, 107, 0, 'http://inter.edu.co/', 'Carrera 17 151-27', '2022-07-03 01:54:47', 50000, 'Lorem ipsum dolorem item amit unum. Lorem ipsum dolorem item amit unum.Lorem ipsum dolorem item amit unum.Lorem ipsum dolorem item amit unum.Lorem ipsum dolorem item amit unum.', 'logo.jpg', 'bg.jpg', 'youtube.com', '0000-00-00 00:00:00', '0000-00-00 00:00:00'),
(134, 'LCI - FUNDACION TECNOLOGICA', 0, 0, 107, 0, 'No disponible', 'Cra. 13 # 75-74', '2022-07-03 01:54:47', 50000, 'Lorem ipsum dolorem item amit unum. Lorem ipsum dolorem item amit unum.Lorem ipsum dolorem item amit unum.Lorem ipsum dolorem item amit unum.Lorem ipsum dolorem item amit unum.', 'logo.jpg', 'bg.jpg', 'youtube.com', '0000-00-00 00:00:00', '0000-00-00 00:00:00'),
(135, 'FUNDACION UNIVERSITARIA CAFAM -UNICAFAM', 0, 0, 107, 0, 'www.unicafam.edu.co', 'AVENIDA CRA 68 #90-88', '2022-07-03 01:54:47', 50000, 'Lorem ipsum dolorem item amit unum. Lorem ipsum dolorem item amit unum.Lorem ipsum dolorem item amit unum.Lorem ipsum dolorem item amit unum.Lorem ipsum dolorem item amit unum.', 'logo.jpg', 'bg.jpg', 'youtube.com', '0000-00-00 00:00:00', '0000-00-00 00:00:00'),
(136, 'FUNDACIÓN UNIVERSITARIA CERVANTES SAN AGUSTÍN - UNICERVANTES', 0, 0, 107, 0, 'www.unicervantes.edu.co', 'Calle 77#11-63', '2022-07-03 01:54:47', 50000, 'Lorem ipsum dolorem item amit unum. Lorem ipsum dolorem item amit unum.Lorem ipsum dolorem item amit unum.Lorem ipsum dolorem item amit unum.Lorem ipsum dolorem item amit unum.', 'logo.jpg', 'bg.jpg', 'youtube.com', '0000-00-00 00:00:00', '0000-00-00 00:00:00'),
(137, 'FUNDACION UNIVERSITARIA CIEO - UNICIEO', 0, 0, 107, 0, 'no disponible', 'Cra 5 Nº 118-10', '2022-07-03 01:54:47', 50000, 'Lorem ipsum dolorem item amit unum. Lorem ipsum dolorem item amit unum.Lorem ipsum dolorem item amit unum.Lorem ipsum dolorem item amit unum.Lorem ipsum dolorem item amit unum.', 'logo.jpg', 'bg.jpg', 'youtube.com', '0000-00-00 00:00:00', '0000-00-00 00:00:00'),
(138, 'INSTITUCION UNIVERSITARIA DE COLOMBIA - UNIVERSITARIA DE COLOMBIA', 0, 0, 107, 0, 'www.universitariadecolombia.edu.co', 'Carrera 7  35-85', '2022-07-03 01:54:47', 50000, 'Lorem ipsum dolorem item amit unum. Lorem ipsum dolorem item amit unum.Lorem ipsum dolorem item amit unum.Lorem ipsum dolorem item amit unum.Lorem ipsum dolorem item amit unum.', 'logo.jpg', 'bg.jpg', 'youtube.com', '0000-00-00 00:00:00', '0000-00-00 00:00:00'),
(139, 'CORPORACIÓN COLSUBSIDIO EDUCACIÓN TECNOlóGICA - CET', 0, 0, 107, 0, 'www.cetcolsubsidio.edu.co', 'Calle 52A No. 9-76', '2022-07-03 01:54:47', 50000, 'Lorem ipsum dolorem item amit unum. Lorem ipsum dolorem item amit unum.Lorem ipsum dolorem item amit unum.Lorem ipsum dolorem item amit unum.Lorem ipsum dolorem item amit unum.', 'logo.jpg', 'bg.jpg', 'youtube.com', '0000-00-00 00:00:00', '0000-00-00 00:00:00'),
(140, 'FUNDACION UNIVERSITARIA COLOMBO GERMANA', 0, 0, 107, 0, 'no disponible', 'Avenida Caracas #63-87', '2022-07-03 01:54:47', 50000, 'Lorem ipsum dolorem item amit unum. Lorem ipsum dolorem item amit unum.Lorem ipsum dolorem item amit unum.Lorem ipsum dolorem item amit unum.Lorem ipsum dolorem item amit unum.', 'logo.jpg', 'bg.jpg', 'youtube.com', '0000-00-00 00:00:00', '0000-00-00 00:00:00'),
(141, 'FUNDACION UNIVERSITARIA LUIS G. PAEZ - UNILUISGPAEZ', 0, 0, 107, 0, 'www.uniluisgpaez.edu.co', 'Carrera 5 #65-50', '2022-07-03 01:54:47', 50000, 'Lorem ipsum dolorem item amit unum. Lorem ipsum dolorem item amit unum.Lorem ipsum dolorem item amit unum.Lorem ipsum dolorem item amit unum.Lorem ipsum dolorem item amit unum.', 'logo.jpg', 'bg.jpg', 'youtube.com', '0000-00-00 00:00:00', '0000-00-00 00:00:00'),
(142, 'CORPORACION UNIVERSITARIA DE ASTURIAS', 0, 0, 107, 0, 'www.uniasturias.edu.co', 'Carrera 18 No. 79-25', '2022-07-03 01:54:47', 50000, 'Lorem ipsum dolorem item amit unum. Lorem ipsum dolorem item amit unum.Lorem ipsum dolorem item amit unum.Lorem ipsum dolorem item amit unum.Lorem ipsum dolorem item amit unum.', 'logo.jpg', 'bg.jpg', 'youtube.com', '0000-00-00 00:00:00', '0000-00-00 00:00:00'),
(143, 'ESEIT - ESCUELA SUPERIOR DE EMPRESA INGENIERÍA Y TECNOLOGÍA', 0, 0, 107, 0, 'www.elite.edu.co', 'Carrera 20 A No. 74-75', '2022-07-03 01:54:47', 50000, 'Lorem ipsum dolorem item amit unum. Lorem ipsum dolorem item amit unum.Lorem ipsum dolorem item amit unum.Lorem ipsum dolorem item amit unum.Lorem ipsum dolorem item amit unum.', 'logo.jpg', 'bg.jpg', 'youtube.com', '0000-00-00 00:00:00', '0000-00-00 00:00:00'),
(144, 'UNIVERSITARIA VIRTUAL INTERNACIONAL', 0, 0, 107, 0, 'www.uvirtual.edu.co', 'Carrera 19 71 A-23', '2022-07-03 01:54:47', 50000, 'Lorem ipsum dolorem item amit unum. Lorem ipsum dolorem item amit unum.Lorem ipsum dolorem item amit unum.Lorem ipsum dolorem item amit unum.Lorem ipsum dolorem item amit unum.', 'logo.jpg', 'bg.jpg', 'youtube.com', '0000-00-00 00:00:00', '0000-00-00 00:00:00'),
(145, 'CORPORACION UNIVERSITARIA DE CATALUÑA', 0, 0, 107, 0, 'www.udecatalunya.edu.co', 'Cra 18B No 106 A-15', '2022-07-03 01:54:47', 50000, 'Lorem ipsum dolorem item amit unum. Lorem ipsum dolorem item amit unum.Lorem ipsum dolorem item amit unum.Lorem ipsum dolorem item amit unum.Lorem ipsum dolorem item amit unum.', 'logo.jpg', 'bg.jpg', 'youtube.com', '0000-00-00 00:00:00', '0000-00-00 00:00:00'),
(146, 'FUNDACION UNIVERSITARIA INTERNACIONAL DE COLOMBIA - UNINCOL', 0, 0, 107, 0, 'www.unincol.edu.co', 'Calle 39A No. 19-18', '2022-07-03 01:54:47', 50000, 'Lorem ipsum dolorem item amit unum. Lorem ipsum dolorem item amit unum.Lorem ipsum dolorem item amit unum.Lorem ipsum dolorem item amit unum.Lorem ipsum dolorem item amit unum.', 'logo.jpg', 'bg.jpg', 'youtube.com', '0000-00-00 00:00:00', '0000-00-00 00:00:00'),
(147, 'FUNDACION UNIVERSITARIA INTERNACIONAL DE LA RIOJA - UNIR', 0, 0, 107, 0, 'unir', 'Calle 100  19-61 Piso 8', '2022-07-03 01:54:47', 50000, 'Lorem ipsum dolorem item amit unum. Lorem ipsum dolorem item amit unum.Lorem ipsum dolorem item amit unum.Lorem ipsum dolorem item amit unum.Lorem ipsum dolorem item amit unum.', 'logo.jpg', 'bg.jpg', 'youtube.com', '0000-00-00 00:00:00', '0000-00-00 00:00:00'),
(148, 'FUNDACIÓN UNIVERSITARIA SALESIANA', 0, 0, 107, 0, 'www.salesianosbogota.org', 'Carrera 5N # 8-25', '2022-07-03 01:54:47', 50000, 'Lorem ipsum dolorem item amit unum. Lorem ipsum dolorem item amit unum.Lorem ipsum dolorem item amit unum.Lorem ipsum dolorem item amit unum.Lorem ipsum dolorem item amit unum.', 'logo.jpg', 'bg.jpg', 'youtube.com', '0000-00-00 00:00:00', '0000-00-00 00:00:00'),
(149, 'INSTITUCIÓN UNIVERSITARIA COMANDO DE EDUCACIÓN Y DOCTRINA - CEDOC DEL EJÉRCITO NACIONAL', 1, 0, 107, 0, 'www.ejercito.mil.co/?idcategoria=221634', 'CALLE 102 NO. 7-80 CANTON NORTE', '2022-07-03 01:54:47', 50000, 'Lorem ipsum dolorem item amit unum. Lorem ipsum dolorem item amit unum.Lorem ipsum dolorem item amit unum.Lorem ipsum dolorem item amit unum.Lorem ipsum dolorem item amit unum.', 'logo.jpg', 'bg.jpg', 'youtube.com', '0000-00-00 00:00:00', '0000-00-00 00:00:00'),
(150, 'FUNDACIÓN UNIVERSITARIA PATRICIO SYMES', 0, 0, 107, 0, 'no disponible', 'Cra. 16 No. 70a-68', '2022-07-03 01:54:47', 50000, 'Lorem ipsum dolorem item amit unum. Lorem ipsum dolorem item amit unum.Lorem ipsum dolorem item amit unum.Lorem ipsum dolorem item amit unum.Lorem ipsum dolorem item amit unum.', 'logo.jpg', 'bg.jpg', 'youtube.com', '0000-00-00 00:00:00', '0000-00-00 00:00:00'),
(151, 'FUNDACIÓN UNIVERSITARIA SAN PABLO - UNISANPABLO', 0, 0, 107, 0, 'www.unisanpablo.co', 'Calle 170 No. 8G-31', '2022-07-03 01:54:47', 50000, 'Lorem ipsum dolorem item amit unum. Lorem ipsum dolorem item amit unum.Lorem ipsum dolorem item amit unum.Lorem ipsum dolorem item amit unum.Lorem ipsum dolorem item amit unum.', 'logo.jpg', 'bg.jpg', 'youtube.com', '0000-00-00 00:00:00', '0000-00-00 00:00:00'),
(152, 'CENTRO DE ESTUDIOS AERONºUTICOS - CEA', 1, 0, 107, 0, 'http://www.aerocivil.gov.co/cea', 'Avenida el Dorado Nº. 103 - 23', '2022-07-03 01:54:47', 50000, 'Lorem ipsum dolorem item amit unum. Lorem ipsum dolorem item amit unum.Lorem ipsum dolorem item amit unum.Lorem ipsum dolorem item amit unum.Lorem ipsum dolorem item amit unum.', 'logo.jpg', 'bg.jpg', 'youtube.com', '0000-00-00 00:00:00', '0000-00-00 00:00:00'),
(153, 'UNIVERSIDAD INDUSTRIAL DE SANTANDER', 1, 1, 118, 0, 'www.uis.edu.co', 'Ciudad Universitaria Carrera 27 Calle 9', '2022-07-03 01:54:47', 50000, 'Lorem ipsum dolorem item amit unum. Lorem ipsum dolorem item amit unum.Lorem ipsum dolorem item amit unum.Lorem ipsum dolorem item amit unum.Lorem ipsum dolorem item amit unum.', 'logo.jpg', 'bg.jpg', 'youtube.com', '0000-00-00 00:00:00', '0000-00-00 00:00:00'),
(154, 'UNIVERSIDAD SANTO TOMAS', 0, 1, 118, 1, 'www.ustabuca.edu.co', 'Carrera 18 No. 9-27', '2022-07-03 01:54:47', 50000, 'Lorem ipsum dolorem item amit unum. Lorem ipsum dolorem item amit unum.Lorem ipsum dolorem item amit unum.Lorem ipsum dolorem item amit unum.Lorem ipsum dolorem item amit unum.', 'logo.jpg', 'bg.jpg', 'youtube.com', '0000-00-00 00:00:00', '0000-00-00 00:00:00'),
(155, 'UNIVERSIDAD PONTIFICIA BOLIVARIANA', 0, 1, 118, 1, 'www.upb.edu.co', 'Autopista a Piedecuesta Km. 7', '2022-07-03 01:54:47', 50000, 'Lorem ipsum dolorem item amit unum. Lorem ipsum dolorem item amit unum.Lorem ipsum dolorem item amit unum.Lorem ipsum dolorem item amit unum.Lorem ipsum dolorem item amit unum.', 'logo.jpg', 'bg.jpg', 'youtube.com', '0000-00-00 00:00:00', '0000-00-00 00:00:00'),
(156, 'UNIVERSIDAD COOPERATIVA DE COLOMBIA', 0, 0, 118, 1, 'www.ucc.edu.co', 'Calle 30A  33-51', '2022-07-03 01:54:47', 50000, 'Lorem ipsum dolorem item amit unum. Lorem ipsum dolorem item amit unum.Lorem ipsum dolorem item amit unum.Lorem ipsum dolorem item amit unum.Lorem ipsum dolorem item amit unum.', 'logo.jpg', 'bg.jpg', 'youtube.com', '0000-00-00 00:00:00', '0000-00-00 00:00:00'),
(157, 'UNIVERSIDAD AUTONOMA DE BUCARAMANGA-UNAB-', 0, 1, 118, 0, 'www.unab.edu.co', 'Calle 48  39-234', '2022-07-03 01:54:47', 50000, 'Lorem ipsum dolorem item amit unum. Lorem ipsum dolorem item amit unum.Lorem ipsum dolorem item amit unum.Lorem ipsum dolorem item amit unum.Lorem ipsum dolorem item amit unum.', 'logo.jpg', 'bg.jpg', 'youtube.com', '0000-00-00 00:00:00', '0000-00-00 00:00:00'),
(158, 'UNIVERSIDAD DE SANTANDER - UDES', 0, 0, 118, 0, 'www.udes.edu.co', 'Calle 70 No. 55-210 Lagos del Cacique', '2022-07-03 01:54:47', 50000, 'Lorem ipsum dolorem item amit unum. Lorem ipsum dolorem item amit unum.Lorem ipsum dolorem item amit unum.Lorem ipsum dolorem item amit unum.Lorem ipsum dolorem item amit unum.', 'logo.jpg', 'bg.jpg', 'youtube.com', '0000-00-00 00:00:00', '0000-00-00 00:00:00'),
(159, 'UNIVERSIDAD DE INVESTIGACION Y DESARROLLO - UDI', 0, 0, 118, 0, 'www.udi.edu.co', 'Calle 9  23-55', '2022-07-03 01:54:47', 50000, 'Lorem ipsum dolorem item amit unum. Lorem ipsum dolorem item amit unum.Lorem ipsum dolorem item amit unum.Lorem ipsum dolorem item amit unum.Lorem ipsum dolorem item amit unum.', 'logo.jpg', 'bg.jpg', 'youtube.com', '0000-00-00 00:00:00', '0000-00-00 00:00:00'),
(160, 'UNIDADES TECNOLOGICAS DE SANTANDER', 1, 0, 118, 0, 'www.uts.edu.co', 'Calle de los Estudiantes No.9 - 82', '2022-07-03 01:54:47', 50000, 'Lorem ipsum dolorem item amit unum. Lorem ipsum dolorem item amit unum.Lorem ipsum dolorem item amit unum.Lorem ipsum dolorem item amit unum.Lorem ipsum dolorem item amit unum.', 'logo.jpg', 'bg.jpg', 'youtube.com', '0000-00-00 00:00:00', '0000-00-00 00:00:00'),
(161, 'TECNOLOGICA FITEC', 0, 0, 118, 0, 'www.fitec.edu.co', 'Calle 58 32-16 Barrio Conucos', '2022-07-03 01:54:47', 50000, 'Lorem ipsum dolorem item amit unum. Lorem ipsum dolorem item amit unum.Lorem ipsum dolorem item amit unum.Lorem ipsum dolorem item amit unum.Lorem ipsum dolorem item amit unum.', 'logo.jpg', 'bg.jpg', 'youtube.com', '0000-00-00 00:00:00', '0000-00-00 00:00:00'),
(162, 'CORPORACION EDUCATIVA -ITAE-', 0, 0, 118, 0, 'www.itae.edu.co', 'Calle de los Estudiantes  10-20 Ciudadela', '2022-07-03 01:54:47', 50000, 'Lorem ipsum dolorem item amit unum. Lorem ipsum dolorem item amit unum.Lorem ipsum dolorem item amit unum.Lorem ipsum dolorem item amit unum.Lorem ipsum dolorem item amit unum.', 'logo.jpg', 'bg.jpg', 'youtube.com', '0000-00-00 00:00:00', '0000-00-00 00:00:00'),
(163, 'CORPORACION INTERAMERICANA DE EDUCACION SUPERIOR-CORPOCIDES', 0, 0, 118, 0, 'www.interamericana.edu.co', 'Carrera 26  50-73', '2022-07-03 01:54:47', 50000, 'Lorem ipsum dolorem item amit unum. Lorem ipsum dolorem item amit unum.Lorem ipsum dolorem item amit unum.Lorem ipsum dolorem item amit unum.Lorem ipsum dolorem item amit unum.', 'logo.jpg', 'bg.jpg', 'youtube.com', '0000-00-00 00:00:00', '0000-00-00 00:00:00'),
(164, 'CORPORACION ESCUELA TECNOLOGICA DEL ORIENTE', 0, 0, 118, 0, 'www.tecnologicadeloriente.edu.co', 'Calle 41 10-30 Barrio Alfonso lópez', '2022-07-03 01:54:47', 50000, 'Lorem ipsum dolorem item amit unum. Lorem ipsum dolorem item amit unum.Lorem ipsum dolorem item amit unum.Lorem ipsum dolorem item amit unum.Lorem ipsum dolorem item amit unum.', 'logo.jpg', 'bg.jpg', 'youtube.com', '0000-00-00 00:00:00', '0000-00-00 00:00:00'),
(165, 'UNIVERSIDAD MANUELA BELTRAN-UMB-', 0, 1, 118, 1, 'www.umb.edu.co', 'Calle de los Estudiantes 10-20 Ciudadela Real de Minas', '2022-07-03 01:54:47', 50000, 'Lorem ipsum dolorem item amit unum. Lorem ipsum dolorem item amit unum.Lorem ipsum dolorem item amit unum.Lorem ipsum dolorem item amit unum.Lorem ipsum dolorem item amit unum.', 'logo.jpg', 'bg.jpg', 'youtube.com', '0000-00-00 00:00:00', '0000-00-00 00:00:00'),
(166, 'FUNDACION UNIVERSITARIA COMFENALCO SANTANDER', 0, 0, 118, 0, 'www.comfenalcosantander.com.co', 'Avenida González Valencia #52-69', '2022-07-03 01:54:47', 50000, 'Lorem ipsum dolorem item amit unum. Lorem ipsum dolorem item amit unum.Lorem ipsum dolorem item amit unum.Lorem ipsum dolorem item amit unum.Lorem ipsum dolorem item amit unum.', 'logo.jpg', 'bg.jpg', 'youtube.com', '0000-00-00 00:00:00', '0000-00-00 00:00:00'),
(167, 'UNIVERSIDAD DEL PACIFICO', 1, 0, 120, 0, 'www.unipacifico.edu.co', 'Avenida Simón Bolivar  54A-10', '2022-07-03 01:54:47', 50000, 'Lorem ipsum dolorem item amit unum. Lorem ipsum dolorem item amit unum.Lorem ipsum dolorem item amit unum.Lorem ipsum dolorem item amit unum.Lorem ipsum dolorem item amit unum.', 'logo.jpg', 'bg.jpg', 'youtube.com', '0000-00-00 00:00:00', '0000-00-00 00:00:00'),
(168, 'UNIVERSIDAD DEL VALLE', 1, 0, 120, 1, 'www.univalle.edu.co', 'Av.Simón Bolivar Km 9 Contiguo al Colegio ITI', '2022-07-03 01:54:47', 50000, 'Lorem ipsum dolorem item amit unum. Lorem ipsum dolorem item amit unum.Lorem ipsum dolorem item amit unum.Lorem ipsum dolorem item amit unum.Lorem ipsum dolorem item amit unum.', 'logo.jpg', 'bg.jpg', 'youtube.com', '0000-00-00 00:00:00', '0000-00-00 00:00:00'),
(169, 'CORPORACION UNIVERSITARIA LASALLISTA', 0, 0, 144, 0, 'www.lasallista.edu.co', 'Carrera  51  118 Sur-57', '2022-07-03 01:54:47', 50000, 'Lorem ipsum dolorem item amit unum. Lorem ipsum dolorem item amit unum.Lorem ipsum dolorem item amit unum.Lorem ipsum dolorem item amit unum.Lorem ipsum dolorem item amit unum.', 'logo.jpg', 'bg.jpg', 'youtube.com', '0000-00-00 00:00:00', '0000-00-00 00:00:00'),
(170, 'UNIVERSIDAD DEL VALLE', 1, 1, 150, 0, 'www.univalle.edu.co', 'Ciudad Universitaria Melendez Calle 13 100-00', '2022-07-03 01:54:47', 50000, 'Lorem ipsum dolorem item amit unum. Lorem ipsum dolorem item amit unum.Lorem ipsum dolorem item amit unum.Lorem ipsum dolorem item amit unum.Lorem ipsum dolorem item amit unum.', 'logo.jpg', 'bg.jpg', 'youtube.com', '0000-00-00 00:00:00', '0000-00-00 00:00:00'),
(171, 'PONTIFICIA UNIVERSIDAD JAVERIANA', 0, 1, 150, 1, 'www.puj.edu.co', 'Clle 18 No. 118-250 Av Cañasgordas', '2022-07-03 01:54:47', 50000, 'Lorem ipsum dolorem item amit unum. Lorem ipsum dolorem item amit unum.Lorem ipsum dolorem item amit unum.Lorem ipsum dolorem item amit unum.Lorem ipsum dolorem item amit unum.', 'logo.jpg', 'bg.jpg', 'youtube.com', '0000-00-00 00:00:00', '0000-00-00 00:00:00'),
(172, 'UNIVERSIDAD DE SAN BUENAVENTURA', 0, 1, 150, 1, 'www.usbcali.edu.co', 'Cra 122 Nº 6 - 65 via a Pance', '2022-07-03 01:54:47', 50000, 'Lorem ipsum dolorem item amit unum. Lorem ipsum dolorem item amit unum.Lorem ipsum dolorem item amit unum.Lorem ipsum dolorem item amit unum.Lorem ipsum dolorem item amit unum.', 'logo.jpg', 'bg.jpg', 'youtube.com', '0000-00-00 00:00:00', '0000-00-00 00:00:00'),
(173, 'UNIVERSIDAD SANTIAGO DE CALI', 0, 0, 150, 0, 'www.usc.edu.co', 'Carrera 62 Calle 5 Campus Pampalinda', '2022-07-03 01:54:47', 50000, 'Lorem ipsum dolorem item amit unum. Lorem ipsum dolorem item amit unum.Lorem ipsum dolorem item amit unum.Lorem ipsum dolorem item amit unum.Lorem ipsum dolorem item amit unum.', 'logo.jpg', 'bg.jpg', 'youtube.com', '0000-00-00 00:00:00', '0000-00-00 00:00:00'),
(174, 'UNIVERSIDAD LIBRE', 0, 1, 150, 1, 'www.unilibrecali.edu.co', 'Diagonal 37A No. 3-29  Santa Isabel', '2022-07-03 01:54:47', 50000, 'Lorem ipsum dolorem item amit unum. Lorem ipsum dolorem item amit unum.Lorem ipsum dolorem item amit unum.Lorem ipsum dolorem item amit unum.Lorem ipsum dolorem item amit unum.', 'logo.jpg', 'bg.jpg', 'youtube.com', '0000-00-00 00:00:00', '0000-00-00 00:00:00'),
(175, 'UNIVERSIDAD ICESI', 0, 1, 150, 0, 'www.icesi.edu.co', 'Calle 18 No.122-135 (Pance)', '2022-07-03 01:54:47', 50000, 'Lorem ipsum dolorem item amit unum. Lorem ipsum dolorem item amit unum.Lorem ipsum dolorem item amit unum.Lorem ipsum dolorem item amit unum.Lorem ipsum dolorem item amit unum.', 'logo.jpg', 'bg.jpg', 'youtube.com', '0000-00-00 00:00:00', '0000-00-00 00:00:00'),
(176, 'UNIVERSIDAD AUTONOMA DE OCCIDENTE', 0, 1, 150, 0, 'www.uao.edu.co', 'Calle 25 115 - 85  Km. 2 vía Jamundí', '2022-07-03 01:54:47', 50000, 'Lorem ipsum dolorem item amit unum. Lorem ipsum dolorem item amit unum.Lorem ipsum dolorem item amit unum.Lorem ipsum dolorem item amit unum.Lorem ipsum dolorem item amit unum.', 'logo.jpg', 'bg.jpg', 'youtube.com', '0000-00-00 00:00:00', '0000-00-00 00:00:00'),
(177, 'ESCUELA NACIONAL DEL DEPORTE', 1, 0, 150, 0, 'www.endeporte.edu.co', 'Calle  9  34-01', '2022-07-03 01:54:47', 50000, 'Lorem ipsum dolorem item amit unum. Lorem ipsum dolorem item amit unum.Lorem ipsum dolorem item amit unum.Lorem ipsum dolorem item amit unum.Lorem ipsum dolorem item amit unum.', 'logo.jpg', 'bg.jpg', 'youtube.com', '0000-00-00 00:00:00', '0000-00-00 00:00:00'),
(178, 'INSTITUTO DEPARTAMENTAL DE BELLAS ARTES', 1, 0, 150, 0, 'www.bellasartes.edu.co', 'Avenida 2a. Norte  7N-28', '2022-07-03 01:54:47', 50000, 'Lorem ipsum dolorem item amit unum. Lorem ipsum dolorem item amit unum.Lorem ipsum dolorem item amit unum.Lorem ipsum dolorem item amit unum.Lorem ipsum dolorem item amit unum.', 'logo.jpg', 'bg.jpg', 'youtube.com', '0000-00-00 00:00:00', '0000-00-00 00:00:00'),
(179, 'FUNDACION UNIVERSITARIA CATOLICA LUMEN GENTIUM - UNICATÓLICA - CALI', 0, 0, 150, 0, 'www.unicatolica.edu.co', 'Carrera 122  12 - 459 Pance', '2022-07-03 01:54:47', 50000, 'Lorem ipsum dolorem item amit unum. Lorem ipsum dolorem item amit unum.Lorem ipsum dolorem item amit unum.Lorem ipsum dolorem item amit unum.Lorem ipsum dolorem item amit unum.', 'logo.jpg', 'bg.jpg', 'youtube.com', '0000-00-00 00:00:00', '0000-00-00 00:00:00'),
(180, 'FUNDACION UNIVERSITARIA SEMINARIO TEOLOGICO BAUTISTA INTERNACIONAL', 0, 0, 150, 0, 'www.funibautista.edu.co', 'Carrera 56 (Av. Guadalupe)  1B-112', '2022-07-03 01:54:47', 50000, 'Lorem ipsum dolorem item amit unum. Lorem ipsum dolorem item amit unum.Lorem ipsum dolorem item amit unum.Lorem ipsum dolorem item amit unum.Lorem ipsum dolorem item amit unum.', 'logo.jpg', 'bg.jpg', 'youtube.com', '0000-00-00 00:00:00', '0000-00-00 00:00:00'),
(181, 'INSTITUCION UNIVERSITARIA ANTONIO JOSE CAMACHO', 1, 0, 150, 0, 'www.uniaj.edu.co', 'Av. 6N  28N-102 Barrio San Vicente', '2022-07-03 01:54:47', 50000, 'Lorem ipsum dolorem item amit unum. Lorem ipsum dolorem item amit unum.Lorem ipsum dolorem item amit unum.Lorem ipsum dolorem item amit unum.Lorem ipsum dolorem item amit unum.', 'logo.jpg', 'bg.jpg', 'youtube.com', '0000-00-00 00:00:00', '0000-00-00 00:00:00'),
(182, 'FUNDACION CENTRO COLOMBIANO DE ESTUDIOS PROFESIONALES -F.C.E.C.E.P.', 0, 0, 150, 0, 'www.cecep.edu.co', 'Calle 9B  29A-67 Champag?at', '2022-07-03 01:54:47', 50000, 'Lorem ipsum dolorem item amit unum. Lorem ipsum dolorem item amit unum.Lorem ipsum dolorem item amit unum.Lorem ipsum dolorem item amit unum.Lorem ipsum dolorem item amit unum.', 'logo.jpg', 'bg.jpg', 'youtube.com', '0000-00-00 00:00:00', '0000-00-00 00:00:00'),
(183, 'FUNDACION TECNOLOGICA AUTONOMA DEL PACIFICO', 0, 0, 150, 0, 'www.tecnologicadelpacifico.edu.co', 'Avenida 3 Norte 44-100 Barrio La Merced', '2022-07-03 01:54:47', 50000, 'Lorem ipsum dolorem item amit unum. Lorem ipsum dolorem item amit unum.Lorem ipsum dolorem item amit unum.Lorem ipsum dolorem item amit unum.Lorem ipsum dolorem item amit unum.', 'logo.jpg', 'bg.jpg', 'youtube.com', '0000-00-00 00:00:00', '0000-00-00 00:00:00'),
(184, 'CORPORACION UNIVERSITARIA CENTRO SUPERIOR - UNICUCES', 0, 0, 150, 0, 'wwww.cecs.edu.co', 'Calle 14 Norte  8N -35 Barrio Granada', '2022-07-03 01:54:47', 50000, 'Lorem ipsum dolorem item amit unum. Lorem ipsum dolorem item amit unum.Lorem ipsum dolorem item amit unum.Lorem ipsum dolorem item amit unum.Lorem ipsum dolorem item amit unum.', 'logo.jpg', 'bg.jpg', 'youtube.com', '0000-00-00 00:00:00', '0000-00-00 00:00:00'),
(185, 'CORPORACION ESCUELA SUPERIOR DE ADMINISTRACION Y ESTUDIOS TECNOLOGICOS- EAE', 0, 0, 150, 0, 'www.eae.edu.co', 'Avenida 6N No. 23DN-16 Barrio Versalles', '2022-07-03 01:54:47', 50000, 'Lorem ipsum dolorem item amit unum. Lorem ipsum dolorem item amit unum.Lorem ipsum dolorem item amit unum.Lorem ipsum dolorem item amit unum.Lorem ipsum dolorem item amit unum.', 'logo.jpg', 'bg.jpg', 'youtube.com', '0000-00-00 00:00:00', '0000-00-00 00:00:00'),
(186, 'INSTITUTO TECNICO NACIONAL DE COMERCIO SIMON RODRIGUEZ - INTENALCO', 1, 0, 150, 0, 'www.intenalco.edu.co', 'Avenida 4 Norte # 34AN-18 Barrio Prados del Norte Comuna No 02', '2022-07-03 01:54:47', 50000, 'Lorem ipsum dolorem item amit unum. Lorem ipsum dolorem item amit unum.Lorem ipsum dolorem item amit unum.Lorem ipsum dolorem item amit unum.Lorem ipsum dolorem item amit unum.', 'logo.jpg', 'bg.jpg', 'youtube.com', '0000-00-00 00:00:00', '0000-00-00 00:00:00'),
(187, 'FUNDACION ACADEMIA DE DIBUJO PROFESIONAL', 0, 0, 150, 0, 'www.fadp.edu.co', 'Calle 27 Norte No. 6BN-50', '2022-07-03 01:54:47', 50000, 'Lorem ipsum dolorem item amit unum. Lorem ipsum dolorem item amit unum.Lorem ipsum dolorem item amit unum.Lorem ipsum dolorem item amit unum.Lorem ipsum dolorem item amit unum.', 'logo.jpg', 'bg.jpg', 'youtube.com', '0000-00-00 00:00:00', '0000-00-00 00:00:00'),
(188, 'CORPORACION REGIONAL DE EDUCACION SUPERIOR-CRES-DE CALI', 0, 0, 150, 0, 'www.corpocres.edu.co', 'Calle 6 No. 30 -23 Av. Roosevel Barrio El Cedro', '2022-07-03 01:54:47', 50000, 'Lorem ipsum dolorem item amit unum. Lorem ipsum dolorem item amit unum.Lorem ipsum dolorem item amit unum.Lorem ipsum dolorem item amit unum.Lorem ipsum dolorem item amit unum.', 'logo.jpg', 'bg.jpg', 'youtube.com', '0000-00-00 00:00:00', '0000-00-00 00:00:00'),
(189, 'CORPORACION DE ESTUDIOS SUPERIORES SALAMANDRA', 0, 0, 150, 0, 'www.cenda-cali.edu.co', 'Calle 17 A 121-399 Casa 75 A  Pance', '2022-07-03 01:54:47', 50000, 'Lorem ipsum dolorem item amit unum. Lorem ipsum dolorem item amit unum.Lorem ipsum dolorem item amit unum.Lorem ipsum dolorem item amit unum.Lorem ipsum dolorem item amit unum.', 'logo.jpg', 'bg.jpg', 'youtube.com', '0000-00-00 00:00:00', '0000-00-00 00:00:00'),
(190, 'ESCUELA MILITAR DE AVIACION MARCO FIDEL SUAREZ', 1, 1, 150, 0, 'www.emavi.edu.co', 'Carrera  8  58-67', '2022-07-03 01:54:47', 50000, 'Lorem ipsum dolorem item amit unum. Lorem ipsum dolorem item amit unum.Lorem ipsum dolorem item amit unum.Lorem ipsum dolorem item amit unum.Lorem ipsum dolorem item amit unum.', 'logo.jpg', 'bg.jpg', 'youtube.com', '0000-00-00 00:00:00', '0000-00-00 00:00:00'),
(191, 'SERVICIO NACIONAL DE APRENDIZAJE-SENA-', 1, 0, 150, 1, 'www.senavalle.edu.co', 'Carrera (Avenida Guadalupe) No.3 - 88', '2022-07-03 01:54:47', 50000, 'Lorem ipsum dolorem item amit unum. Lorem ipsum dolorem item amit unum.Lorem ipsum dolorem item amit unum.Lorem ipsum dolorem item amit unum.Lorem ipsum dolorem item amit unum.', 'logo.jpg', 'bg.jpg', 'youtube.com', '0000-00-00 00:00:00', '0000-00-00 00:00:00'),
(192, 'CORPORACION UNIVERSITARIA PARA EL DESARROLLO EMPRESARIAL Y SOCIAL- CUDES', 0, 0, 150, 0, 'NO DISPONIBLE', 'Av. 6N No. 47-197', '2022-07-03 01:54:47', 50000, 'Lorem ipsum dolorem item amit unum. Lorem ipsum dolorem item amit unum.Lorem ipsum dolorem item amit unum.Lorem ipsum dolorem item amit unum.Lorem ipsum dolorem item amit unum.', 'logo.jpg', 'bg.jpg', 'youtube.com', '0000-00-00 00:00:00', '0000-00-00 00:00:00'),
(193, 'UNIVERSIDAD DE CARTAGENA', 1, 1, 171, 0, 'www.unicartagena.edu.co', 'Centro Carrera 6 No. 36-100', '2022-07-03 01:54:47', 50000, 'Lorem ipsum dolorem item amit unum. Lorem ipsum dolorem item amit unum.Lorem ipsum dolorem item amit unum.Lorem ipsum dolorem item amit unum.Lorem ipsum dolorem item amit unum.', 'logo.jpg', 'bg.jpg', 'youtube.com', '0000-00-00 00:00:00', '0000-00-00 00:00:00'),
(194, 'FUNDACION UNIVERSIDAD DE BOGOTA - JORGE TADEO LOZANO', 0, 1, 171, 1, 'www.utadeo.edu.co', 'Zona Norte Anillo Vial kilómetro 13', '2022-07-03 01:54:47', 50000, 'Lorem ipsum dolorem item amit unum. Lorem ipsum dolorem item amit unum.Lorem ipsum dolorem item amit unum.Lorem ipsum dolorem item amit unum.Lorem ipsum dolorem item amit unum.', 'logo.jpg', 'bg.jpg', 'youtube.com', '0000-00-00 00:00:00', '0000-00-00 00:00:00'),
(195, 'UNIVERSIDAD DE SAN BUENAVENTURA', 0, 1, 171, 1, 'www.usbctg.edu.co', 'Calle Real de Ternera Cartagena', '2022-07-03 01:54:47', 50000, 'Lorem ipsum dolorem item amit unum. Lorem ipsum dolorem item amit unum.Lorem ipsum dolorem item amit unum.Lorem ipsum dolorem item amit unum.Lorem ipsum dolorem item amit unum.', 'logo.jpg', 'bg.jpg', 'youtube.com', '0000-00-00 00:00:00', '0000-00-00 00:00:00'),
(196, 'UNIVERSIDAD TECNOLOGICA DE BOLIVAR', 0, 1, 171, 0, 'www.unitecnologica.edu.co', 'Campus de Ternera vía a Turbaco Km. 1', '2022-07-03 01:54:47', 50000, 'Lorem ipsum dolorem item amit unum. Lorem ipsum dolorem item amit unum.Lorem ipsum dolorem item amit unum.Lorem ipsum dolorem item amit unum.Lorem ipsum dolorem item amit unum.', 'logo.jpg', 'bg.jpg', 'youtube.com', '0000-00-00 00:00:00', '0000-00-00 00:00:00'),
(197, 'UNIVERSIDAD DEL SINU - ELIAS BECHARA ZAINUM - UNISINU -', 0, 0, 171, 1, 'www.unisinucartagena.edu.co', 'Calle 30 No. 20 -71', '2022-07-03 01:54:47', 50000, 'Lorem ipsum dolorem item amit unum. Lorem ipsum dolorem item amit unum.Lorem ipsum dolorem item amit unum.Lorem ipsum dolorem item amit unum.Lorem ipsum dolorem item amit unum.', 'logo.jpg', 'bg.jpg', 'youtube.com', '0000-00-00 00:00:00', '0000-00-00 00:00:00'),
(198, 'INSTITUCION UNIVERSITARIA BELLAS ARTES Y CIENCIAS DE BOLIVAR', 1, 0, 171, 0, 'www.unibac.edu.co', 'Carrera 9 No.39-12', '2022-07-03 01:54:47', 50000, 'Lorem ipsum dolorem item amit unum. Lorem ipsum dolorem item amit unum.Lorem ipsum dolorem item amit unum.Lorem ipsum dolorem item amit unum.Lorem ipsum dolorem item amit unum.', 'logo.jpg', 'bg.jpg', 'youtube.com', '0000-00-00 00:00:00', '0000-00-00 00:00:00'),
(199, 'CORPORACION UNIVERSITARIA RAFAEL NUÑEZ', 0, 0, 171, 0, 'www.curn.edu.co', 'Edificio Rafael Nuñez Centro Calle de la Soledad No. 5-70', '2022-07-03 01:54:47', 50000, 'Lorem ipsum dolorem item amit unum. Lorem ipsum dolorem item amit unum.Lorem ipsum dolorem item amit unum.Lorem ipsum dolorem item amit unum.Lorem ipsum dolorem item amit unum.', 'logo.jpg', 'bg.jpg', 'youtube.com', '0000-00-00 00:00:00', '0000-00-00 00:00:00'),
(200, 'INSTITUCIÓN UNIVERSITARIA MAYOR DE CARTAGENA', 1, 0, 171, 0, 'www.colmayorbolivar.edu.co', 'Calle de la Factoría  35-95', '2022-07-03 01:54:47', 50000, 'Lorem ipsum dolorem item amit unum. Lorem ipsum dolorem item amit unum.Lorem ipsum dolorem item amit unum.Lorem ipsum dolorem item amit unum.Lorem ipsum dolorem item amit unum.', 'logo.jpg', 'bg.jpg', 'youtube.com', '0000-00-00 00:00:00', '0000-00-00 00:00:00'),
(201, 'FUNDACION UNIVERSITARIA TECNOLOGICO COMFENALCO - CARTAGENA', 0, 0, 171, 0, 'www.tecnologicocomfenalco.edu.co', 'Carrera 44 D  30 A-91', '2022-07-03 01:54:47', 50000, 'Lorem ipsum dolorem item amit unum. Lorem ipsum dolorem item amit unum.Lorem ipsum dolorem item amit unum.Lorem ipsum dolorem item amit unum.Lorem ipsum dolorem item amit unum.', 'logo.jpg', 'bg.jpg', 'youtube.com', '0000-00-00 00:00:00', '0000-00-00 00:00:00'),
(202, 'FUNDACION UNIVERSITARIA ANTONIO DE AREVALO - UNITECNAR', 0, 1, 171, 0, 'www.tecnar.edu.co', 'Calle del Cuartel 36-54', '2022-07-03 01:54:47', 50000, 'Lorem ipsum dolorem item amit unum. Lorem ipsum dolorem item amit unum.Lorem ipsum dolorem item amit unum.Lorem ipsum dolorem item amit unum.Lorem ipsum dolorem item amit unum.', 'logo.jpg', 'bg.jpg', 'youtube.com', '0000-00-00 00:00:00', '0000-00-00 00:00:00'),
(203, 'CORPORACION UNIVERSITARIA REGIONAL DEL CARIBE -IAFIC-', 0, 0, 171, 0, 'www.iafic.edu.co', 'Pie del Cerro Av.Pedro Heredia 18B-17', '2022-07-03 01:54:47', 50000, 'Lorem ipsum dolorem item amit unum. Lorem ipsum dolorem item amit unum.Lorem ipsum dolorem item amit unum.Lorem ipsum dolorem item amit unum.Lorem ipsum dolorem item amit unum.', 'logo.jpg', 'bg.jpg', 'youtube.com', '0000-00-00 00:00:00', '0000-00-00 00:00:00'),
(204, 'ESCUELA NAVAL DE CADETES ALMIRANTE PADILLA', 1, 1, 171, 0, 'www.escuelanaval.edu.co', 'Barrio Manzanillo Avenida El Bosque', '2022-07-03 01:54:47', 50000, 'Lorem ipsum dolorem item amit unum. Lorem ipsum dolorem item amit unum.Lorem ipsum dolorem item amit unum.Lorem ipsum dolorem item amit unum.Lorem ipsum dolorem item amit unum.', 'logo.jpg', 'bg.jpg', 'youtube.com', '0000-00-00 00:00:00', '0000-00-00 00:00:00'),
(205, 'FUNDACION UNIVERSITARIA COLOMBO INTERNACIONAL - UNICOLOMBO', 0, 0, 171, 0, 'www.unicolombo.edu.co', 'Centro Calle de la Factoria 36-27', '2022-07-03 01:54:47', 50000, 'Lorem ipsum dolorem item amit unum. Lorem ipsum dolorem item amit unum.Lorem ipsum dolorem item amit unum.Lorem ipsum dolorem item amit unum.Lorem ipsum dolorem item amit unum.', 'logo.jpg', 'bg.jpg', 'youtube.com', '0000-00-00 00:00:00', '0000-00-00 00:00:00'),
(206, 'CORPORACION DE ESTUDIOS TECNOLOGICOS DEL NORTE DEL VALLE', 0, 0, 173, 0, 'www.cotecnova.edu.co', 'Calle 10  3-95', '2022-07-03 01:54:47', 50000, 'Lorem ipsum dolorem item amit unum. Lorem ipsum dolorem item amit unum.Lorem ipsum dolorem item amit unum.Lorem ipsum dolorem item amit unum.Lorem ipsum dolorem item amit unum.', 'logo.jpg', 'bg.jpg', 'youtube.com', '0000-00-00 00:00:00', '0000-00-00 00:00:00'),
(207, 'UNIVERSIDAD DE ANTIOQUIA', 1, 0, 173, 1, 'www.udea.edu.co', 'Liceo Municipal Caucasi Carretera.TR Av. Pajonal', '2022-07-03 01:54:47', 50000, 'Lorem ipsum dolorem item amit unum. Lorem ipsum dolorem item amit unum.Lorem ipsum dolorem item amit unum.Lorem ipsum dolorem item amit unum.Lorem ipsum dolorem item amit unum.', 'logo.jpg', 'bg.jpg', 'youtube.com', '0000-00-00 00:00:00', '0000-00-00 00:00:00'),
(208, 'UNIVERSIDAD DE LA SABANA', 0, 1, 211, 0, 'www.unisabana.edu.co', 'Campus  Universitario Puente del Comón', '2022-07-03 01:54:47', 50000, 'Lorem ipsum dolorem item amit unum. Lorem ipsum dolorem item amit unum.Lorem ipsum dolorem item amit unum.Lorem ipsum dolorem item amit unum.Lorem ipsum dolorem item amit unum.', 'logo.jpg', 'bg.jpg', 'youtube.com', '0000-00-00 00:00:00', '0000-00-00 00:00:00'),
(209, 'UNIVERSIDAD CATOLICA DE COLOMBIA', 0, 0, 211, 1, 'www.ucatolica.edu.co', 'Km. 21 vía Carrera 7 La Caro', '2022-07-03 01:54:47', 50000, 'Lorem ipsum dolorem item amit unum. Lorem ipsum dolorem item amit unum.Lorem ipsum dolorem item amit unum.Lorem ipsum dolorem item amit unum.Lorem ipsum dolorem item amit unum.', 'logo.jpg', 'bg.jpg', 'youtube.com', '0000-00-00 00:00:00', '0000-00-00 00:00:00'),
(210, 'TECNOLOGICO DE ENERGIA E INNOVACION-  E-LERNOVA', 0, 0, 211, 0, 'www.elernova.edu.co', 'Cra. 7 Km 17 Los Arrayanes', '2022-07-03 01:54:47', 50000, 'Lorem ipsum dolorem item amit unum. Lorem ipsum dolorem item amit unum.Lorem ipsum dolorem item amit unum.Lorem ipsum dolorem item amit unum.Lorem ipsum dolorem item amit unum.', 'logo.jpg', 'bg.jpg', 'youtube.com', '0000-00-00 00:00:00', '0000-00-00 00:00:00'),
(211, 'UNIVERSIDAD PEDAGOGICA Y TECNOLOGICA DE COLOMBIA - UPTC', 1, 1, 200, 1, 'www.uptc.edu.co', 'Calle 14A No. 2-37', '2022-07-03 01:54:47', 50000, 'Lorem ipsum dolorem item amit unum. Lorem ipsum dolorem item amit unum.Lorem ipsum dolorem item amit unum.Lorem ipsum dolorem item amit unum.Lorem ipsum dolorem item amit unum.', 'logo.jpg', 'bg.jpg', 'youtube.com', '0000-00-00 00:00:00', '0000-00-00 00:00:00'),
(212, 'INSTITUTO NACIONAL DE FORMACION TECNICA PROFESIONAL - HUMBERTO VELASQUEZ GARCIA', 1, 0, 200, 0, 'www.infotephvg.edu.co', 'Calle 10 12-22 Plaza del Centenario', '2022-07-03 01:54:47', 50000, 'Lorem ipsum dolorem item amit unum. Lorem ipsum dolorem item amit unum.Lorem ipsum dolorem item amit unum.Lorem ipsum dolorem item amit unum.Lorem ipsum dolorem item amit unum.', 'logo.jpg', 'bg.jpg', 'youtube.com', '0000-00-00 00:00:00', '0000-00-00 00:00:00'),
(213, 'INSTITUCION UNIVERSITARIA CONOCIMIENTO E INNOVACION PARA LA JUSTICIA - CIJ', 1, 0, 239, 0, 'www.', 'Km 4 vía Suba a Cota', '2022-07-03 01:54:47', 50000, 'Lorem ipsum dolorem item amit unum. Lorem ipsum dolorem item amit unum.Lorem ipsum dolorem item amit unum.Lorem ipsum dolorem item amit unum.Lorem ipsum dolorem item amit unum.', 'logo.jpg', 'bg.jpg', 'youtube.com', '0000-00-00 00:00:00', '0000-00-00 00:00:00'),
(214, 'ESCUELA DE FORMACION DE INFANTERIA DE MARINA', 1, 1, 239, 0, 'www.armada.mil.co', 'Carretera Troncal vía Lorica Coveñas - Sucre', '2022-07-03 01:54:47', 50000, 'Lorem ipsum dolorem item amit unum. Lorem ipsum dolorem item amit unum.Lorem ipsum dolorem item amit unum.Lorem ipsum dolorem item amit unum.Lorem ipsum dolorem item amit unum.', 'logo.jpg', 'bg.jpg', 'youtube.com', '0000-00-00 00:00:00', '0000-00-00 00:00:00'),
(215, 'UNIVERSIDAD PEDAGOGICA Y TECNOLOGICA DE COLOMBIA - UPTC', 1, 1, 283, 1, 'www.uptc.edu.co', 'Carrera 18 Calle 23', '2022-07-03 01:54:47', 50000, 'Lorem ipsum dolorem item amit unum. Lorem ipsum dolorem item amit unum.Lorem ipsum dolorem item amit unum.Lorem ipsum dolorem item amit unum.Lorem ipsum dolorem item amit unum.', 'logo.jpg', 'bg.jpg', 'youtube.com', '0000-00-00 00:00:00', '0000-00-00 00:00:00'),
(216, 'UNIVERSIDAD DE ANTIOQUIA', 1, 0, 283, 1, 'www.udea.edu.co', 'Km 6 vía Rionegro La Ceja El Tambo JurisdiccIÓN El Carmen de Viboral', '2022-07-03 01:54:47', 50000, 'Lorem ipsum dolorem item amit unum. Lorem ipsum dolorem item amit unum.Lorem ipsum dolorem item amit unum.Lorem ipsum dolorem item amit unum.Lorem ipsum dolorem item amit unum.', 'logo.jpg', 'bg.jpg', 'youtube.com', '0000-00-00 00:00:00', '0000-00-00 00:00:00'),
(217, 'INSTITUCION UNIVERSITARIA DE ENVIGADO', 1, 0, 330, 0, 'www.iue.edu.co', 'Cra. 27B Nº 39 A sur 57', '2022-07-03 01:54:47', 50000, 'Lorem ipsum dolorem item amit unum. Lorem ipsum dolorem item amit unum.Lorem ipsum dolorem item amit unum.Lorem ipsum dolorem item amit unum.Lorem ipsum dolorem item amit unum.', 'logo.jpg', 'bg.jpg', 'youtube.com', '0000-00-00 00:00:00', '0000-00-00 00:00:00'),
(218, 'UNIVERSIDAD EIA', 0, 1, 330, 0, 'www.eia.edu.co', 'Calle 25 Sur  42-73', '2022-07-03 01:54:47', 50000, 'Lorem ipsum dolorem item amit unum. Lorem ipsum dolorem item amit unum.Lorem ipsum dolorem item amit unum.Lorem ipsum dolorem item amit unum.Lorem ipsum dolorem item amit unum.', 'logo.jpg', 'bg.jpg', 'youtube.com', '0000-00-00 00:00:00', '0000-00-00 00:00:00'),
(219, 'ESCUELA SUPERIOR TECNOLOGICA DE ARTES DEBORA ARANGO', 1, 0, 330, 0, 'www.ladebora.edu.co', 'Calle 39 Sur  39 - 08', '2022-07-03 01:54:47', 50000, 'Lorem ipsum dolorem item amit unum. Lorem ipsum dolorem item amit unum.Lorem ipsum dolorem item amit unum.Lorem ipsum dolorem item amit unum.Lorem ipsum dolorem item amit unum.', 'logo.jpg', 'bg.jpg', 'youtube.com', '0000-00-00 00:00:00', '0000-00-00 00:00:00'),
(220, 'FUNDACION DE ESTUDIOS SUPERIORES - MONSEÑOR ABRAHAM ESCUDERO MONTOYA  - FUNDES', 0, 0, 331, 0, 'www.fundes.edu.co', 'Carrera 7  10-37', '2022-07-03 01:54:47', 50000, 'Lorem ipsum dolorem item amit unum. Lorem ipsum dolorem item amit unum.Lorem ipsum dolorem item amit unum.Lorem ipsum dolorem item amit unum.Lorem ipsum dolorem item amit unum.', 'logo.jpg', 'bg.jpg', 'youtube.com', '0000-00-00 00:00:00', '0000-00-00 00:00:00'),
(221, 'INSTITUTO TOLIMENSE DE FORMACION TECNICA PROFESIONAL', 1, 0, 331, 0, 'www.itfip.edu.co', 'Calle 18 Carrera 1 Barrio Arkabal', '2022-07-03 01:54:47', 50000, 'Lorem ipsum dolorem item amit unum. Lorem ipsum dolorem item amit unum.Lorem ipsum dolorem item amit unum.Lorem ipsum dolorem item amit unum.Lorem ipsum dolorem item amit unum.', 'logo.jpg', 'bg.jpg', 'youtube.com', '0000-00-00 00:00:00', '0000-00-00 00:00:00'),
(222, 'UNIVERSIDAD DE LA AMAZONIA', 1, 0, 332, 0, 'www.uniamazonia.edu.co', 'Avenida Circunvalar Barrio Porvenir', '2022-07-03 01:54:47', 50000, 'Lorem ipsum dolorem item amit unum. Lorem ipsum dolorem item amit unum.Lorem ipsum dolorem item amit unum.Lorem ipsum dolorem item amit unum.Lorem ipsum dolorem item amit unum.', 'logo.jpg', 'bg.jpg', 'youtube.com', '0000-00-00 00:00:00', '0000-00-00 00:00:00'),
(223, 'FUNDACION UNIVERSITARIA FCV', 0, 0, 342, 0, 'no informa', 'Calle 155A No. 23-58 UrbanizacIÓN El Bosque', '2022-07-03 01:54:47', 50000, 'Lorem ipsum dolorem item amit unum. Lorem ipsum dolorem item amit unum.Lorem ipsum dolorem item amit unum.Lorem ipsum dolorem item amit unum.Lorem ipsum dolorem item amit unum.', 'logo.jpg', 'bg.jpg', 'youtube.com', '0000-00-00 00:00:00', '0000-00-00 00:00:00'),
(224, 'UNIVERSIDAD DE CUNDINAMARCA-UDEC', 1, 0, 355, 0, 'www.unicundi.edu.co', 'Diagonal 18  No. 20-29', '2022-07-03 01:54:47', 50000, 'Lorem ipsum dolorem item amit unum. Lorem ipsum dolorem item amit unum.Lorem ipsum dolorem item amit unum.Lorem ipsum dolorem item amit unum.Lorem ipsum dolorem item amit unum.', 'logo.jpg', 'bg.jpg', 'youtube.com', '0000-00-00 00:00:00', '0000-00-00 00:00:00'),
(225, 'UNIVERSIDAD DE CUNDINAMARCA-UDEC', 1, 0, 372, 1, 'www.unicundi.edu.co', 'Calle 19 24-209', '2022-07-03 01:54:47', 50000, 'Lorem ipsum dolorem item amit unum. Lorem ipsum dolorem item amit unum.Lorem ipsum dolorem item amit unum.Lorem ipsum dolorem item amit unum.Lorem ipsum dolorem item amit unum.', 'logo.jpg', 'bg.jpg', 'youtube.com', '0000-00-00 00:00:00', '0000-00-00 00:00:00'),
(226, 'CORPORACION UNIVERSIDAD PILOTO DE COLOMBIA', 0, 0, 372, 1, 'www.unipiloto.edu.co', 'Cra. 19  17-33 Barrio Las Quintas', '2022-07-03 01:54:47', 50000, 'Lorem ipsum dolorem item amit unum. Lorem ipsum dolorem item amit unum.Lorem ipsum dolorem item amit unum.Lorem ipsum dolorem item amit unum.Lorem ipsum dolorem item amit unum.', 'logo.jpg', 'bg.jpg', 'youtube.com', '0000-00-00 00:00:00', '0000-00-00 00:00:00'),
(227, 'INSTITUTO TECNICO AGRICOLA ITA', 1, 0, 374, 0, 'www.ita.edu.co', 'Carrera 13   Calle 26C', '2022-07-03 01:54:47', 50000, 'Lorem ipsum dolorem item amit unum. Lorem ipsum dolorem item amit unum.Lorem ipsum dolorem item amit unum.Lorem ipsum dolorem item amit unum.Lorem ipsum dolorem item amit unum.', 'logo.jpg', 'bg.jpg', 'youtube.com', '0000-00-00 00:00:00', '0000-00-00 00:00:00'),
(228, 'SERVICIO NACIONAL DE APRENDIZAJE-SENA-', 1, 0, 374, 1, 'www.sena.edu.co', 'Variante Tulua- Buenaventura', '2022-07-03 01:54:47', 50000, 'Lorem ipsum dolorem item amit unum. Lorem ipsum dolorem item amit unum.Lorem ipsum dolorem item amit unum.Lorem ipsum dolorem item amit unum.Lorem ipsum dolorem item amit unum.', 'logo.jpg', 'bg.jpg', 'youtube.com', '0000-00-00 00:00:00', '0000-00-00 00:00:00'),
(229, 'UNIVERSIDAD DEL VALLE', 1, 0, 374, 1, 'HTTP://BUGA.UNIVALLE.EDU.CO', 'Carrera 13 5-21', '2022-07-03 01:54:47', 50000, 'Lorem ipsum dolorem item amit unum. Lorem ipsum dolorem item amit unum.Lorem ipsum dolorem item amit unum.Lorem ipsum dolorem item amit unum.Lorem ipsum dolorem item amit unum.', 'logo.jpg', 'bg.jpg', 'youtube.com', '0000-00-00 00:00:00', '0000-00-00 00:00:00'),
(230, 'CORPORACION DE EDUCACION DEL NORTE DEL TOLIMA - COREDUCACION', 0, 0, 374, 0, 'www.coreducacion.edu.co', 'Calle 10 #29-93/33 Barrio El Reposo', '2022-07-03 01:54:47', 50000, 'Lorem ipsum dolorem item amit unum. Lorem ipsum dolorem item amit unum.Lorem ipsum dolorem item amit unum.Lorem ipsum dolorem item amit unum.Lorem ipsum dolorem item amit unum.', 'logo.jpg', 'bg.jpg', 'youtube.com', '0000-00-00 00:00:00', '0000-00-00 00:00:00'),
(231, 'UNIVERSIDAD DEL TOLIMA', 1, 1, 428, 0, 'www.ut.edu.co', 'Barrio Santa Elena', '2022-07-03 01:54:47', 50000, 'Lorem ipsum dolorem item amit unum. Lorem ipsum dolorem item amit unum.Lorem ipsum dolorem item amit unum.Lorem ipsum dolorem item amit unum.Lorem ipsum dolorem item amit unum.', 'logo.jpg', 'bg.jpg', 'youtube.com', '0000-00-00 00:00:00', '0000-00-00 00:00:00'),
(232, 'UNIVERSIDAD DE IBAGUE', 0, 1, 428, 0, 'www.unibague.edu.co', 'Barrio Ambala Carrera 22 Calle 67', '2022-07-03 01:54:47', 50000, 'Lorem ipsum dolorem item amit unum. Lorem ipsum dolorem item amit unum.Lorem ipsum dolorem item amit unum.Lorem ipsum dolorem item amit unum.Lorem ipsum dolorem item amit unum.', 'logo.jpg', 'bg.jpg', 'youtube.com', '0000-00-00 00:00:00', '0000-00-00 00:00:00'),
(233, 'CONSERVATORIO DEL TOLIMA', 1, 0, 428, 0, 'www.conservatoriodeltolima.edu.co', 'Calle 9  1-18', '2022-07-03 01:54:47', 50000, 'Lorem ipsum dolorem item amit unum. Lorem ipsum dolorem item amit unum.Lorem ipsum dolorem item amit unum.Lorem ipsum dolorem item amit unum.Lorem ipsum dolorem item amit unum.', 'logo.jpg', 'bg.jpg', 'youtube.com', '0000-00-00 00:00:00', '0000-00-00 00:00:00'),
(234, 'UNIVERSIDAD NACIONAL DE COLOMBIA', 1, 0, 463, 1, 'http://delapaz.unal.edu.co/', 'Carrera 45 #26 - 85', '2022-07-03 01:54:47', 50000, 'Lorem ipsum dolorem item amit unum. Lorem ipsum dolorem item amit unum.Lorem ipsum dolorem item amit unum.Lorem ipsum dolorem item amit unum.Lorem ipsum dolorem item amit unum.', 'logo.jpg', 'bg.jpg', 'youtube.com', '0000-00-00 00:00:00', '0000-00-00 00:00:00'),
(235, 'UNIVERSIDAD NACIONAL DE COLOMBIA', 1, 1, 463, 1, 'www.imani.unal.edu.co', 'km 2 Via Leticia - Tarapaca', '2022-07-03 01:54:47', 50000, 'Lorem ipsum dolorem item amit unum. Lorem ipsum dolorem item amit unum.Lorem ipsum dolorem item amit unum.Lorem ipsum dolorem item amit unum.Lorem ipsum dolorem item amit unum.', 'logo.jpg', 'bg.jpg', 'youtube.com', '0000-00-00 00:00:00', '0000-00-00 00:00:00'),
(236, 'FUNDACION TECNOLOGICA DE MADRID', 0, 0, 521, 0, 'www.ftm.edu.co', 'Sede Administrativa:  Carrera 17 36-32 Bogotá', '2022-07-03 01:54:47', 50000, 'Lorem ipsum dolorem item amit unum. Lorem ipsum dolorem item amit unum.Lorem ipsum dolorem item amit unum.Lorem ipsum dolorem item amit unum.Lorem ipsum dolorem item amit unum.', 'logo.jpg', 'bg.jpg', 'youtube.com', '0000-00-00 00:00:00', '0000-00-00 00:00:00'),
(237, 'ESCUELA DE SUBOFICIALES DE LA FUERZA AEREA COLOMBIANA ANDRES M. DIAZ', 1, 1, 521, 0, 'www.esufa.edu.com', 'Madrid (Cundinamarca)', '2022-07-03 01:54:47', 50000, 'Lorem ipsum dolorem item amit unum. Lorem ipsum dolorem item amit unum.Lorem ipsum dolorem item amit unum.Lorem ipsum dolorem item amit unum.Lorem ipsum dolorem item amit unum.', 'logo.jpg', 'bg.jpg', 'youtube.com', '0000-00-00 00:00:00', '0000-00-00 00:00:00'),
(238, 'UNIVERSIDAD NACIONAL DE COLOMBIA', 1, 0, 532, 1, 'www.manizales.unal.edu.co', 'Carrera 27 No. 64-60', '2022-07-03 01:54:47', 50000, 'Lorem ipsum dolorem item amit unum. Lorem ipsum dolorem item amit unum.Lorem ipsum dolorem item amit unum.Lorem ipsum dolorem item amit unum.Lorem ipsum dolorem item amit unum.', 'logo.jpg', 'bg.jpg', 'youtube.com', '0000-00-00 00:00:00', '0000-00-00 00:00:00'),
(239, 'UNIVERSIDAD DE CALDAS', 1, 1, 532, 0, 'www.ucaldas.edu.co', 'Calle 65  26-10', '2022-07-03 01:54:47', 50000, 'Lorem ipsum dolorem item amit unum. Lorem ipsum dolorem item amit unum.Lorem ipsum dolorem item amit unum.Lorem ipsum dolorem item amit unum.Lorem ipsum dolorem item amit unum.', 'logo.jpg', 'bg.jpg', 'youtube.com', '0000-00-00 00:00:00', '0000-00-00 00:00:00'),
(240, 'UNIVERSIDAD DE MANIZALES', 0, 1, 532, 0, 'www.umanizales.edu.co', 'Carrera 9 No. 19-03 Campohermoso', '2022-07-03 01:54:47', 50000, 'Lorem ipsum dolorem item amit unum. Lorem ipsum dolorem item amit unum.Lorem ipsum dolorem item amit unum.Lorem ipsum dolorem item amit unum.Lorem ipsum dolorem item amit unum.', 'logo.jpg', 'bg.jpg', 'youtube.com', '0000-00-00 00:00:00', '0000-00-00 00:00:00'),
(241, 'UNIVERSIDAD AUTONOMA DE MANIZALES', 0, 1, 532, 0, 'www.autonoma.edu.co', 'Antigua Estacion del Ferocarril', '2022-07-03 01:54:47', 50000, 'Lorem ipsum dolorem item amit unum. Lorem ipsum dolorem item amit unum.Lorem ipsum dolorem item amit unum.Lorem ipsum dolorem item amit unum.Lorem ipsum dolorem item amit unum.', 'logo.jpg', 'bg.jpg', 'youtube.com', '0000-00-00 00:00:00', '0000-00-00 00:00:00'),
(242, 'UNIVERSIDAD CATOLICA DE MANIZALES', 0, 1, 532, 0, 'www.ucm.edu.co', 'Carrera 23  60-63', '2022-07-03 01:54:47', 50000, 'Lorem ipsum dolorem item amit unum. Lorem ipsum dolorem item amit unum.Lorem ipsum dolorem item amit unum.Lorem ipsum dolorem item amit unum.Lorem ipsum dolorem item amit unum.', 'logo.jpg', 'bg.jpg', 'youtube.com', '0000-00-00 00:00:00', '0000-00-00 00:00:00');
INSERT INTO `universities` (`id`, `name`, `oficial`, `acreditada`, `city_id`, `principal`, `url`, `direccion`, `fundada_at`, `egresados`, `general_description`, `logo`, `background_image`, `about_video_url`, `created_at`, `updated_at`) VALUES
(243, 'TECNOLOGICO COREDI', 0, 0, 532, 0, 'www.coredi.edu.co', 'Calle 30 #36-11', '2022-07-03 01:54:47', 50000, 'Lorem ipsum dolorem item amit unum. Lorem ipsum dolorem item amit unum.Lorem ipsum dolorem item amit unum.Lorem ipsum dolorem item amit unum.Lorem ipsum dolorem item amit unum.', 'logo.jpg', 'bg.jpg', 'youtube.com', '0000-00-00 00:00:00', '0000-00-00 00:00:00'),
(244, 'UNIVERSIDAD NACIONAL DE COLOMBIA', 1, 0, 547, 1, 'www.medellin.unal.edu.co', 'Calle 59A No 63 - 20 Nºcleo El Volador', '2022-07-03 01:54:47', 50000, 'Lorem ipsum dolorem item amit unum. Lorem ipsum dolorem item amit unum.Lorem ipsum dolorem item amit unum.Lorem ipsum dolorem item amit unum.Lorem ipsum dolorem item amit unum.', 'logo.jpg', 'bg.jpg', 'youtube.com', '0000-00-00 00:00:00', '0000-00-00 00:00:00'),
(245, 'UNIVERSIDAD DE ANTIOQUIA', 1, 1, 547, 0, 'www.udea.edu.co', 'CLLE 67 No. 51 - 08', '2022-07-03 01:54:47', 50000, 'Lorem ipsum dolorem item amit unum. Lorem ipsum dolorem item amit unum.Lorem ipsum dolorem item amit unum.Lorem ipsum dolorem item amit unum.Lorem ipsum dolorem item amit unum.', 'logo.jpg', 'bg.jpg', 'youtube.com', '0000-00-00 00:00:00', '0000-00-00 00:00:00'),
(246, 'UNIVERSIDAD PONTIFICIA BOLIVARIANA', 0, 1, 547, 0, 'www.upb.edu.co', 'Campus de Laureles Circular 1a. No. 70-01', '2022-07-03 01:54:47', 50000, 'Lorem ipsum dolorem item amit unum. Lorem ipsum dolorem item amit unum.Lorem ipsum dolorem item amit unum.Lorem ipsum dolorem item amit unum.Lorem ipsum dolorem item amit unum.', 'logo.jpg', 'bg.jpg', 'youtube.com', '0000-00-00 00:00:00', '0000-00-00 00:00:00'),
(247, 'UNIVERSIDAD EAFIT-', 0, 1, 547, 0, 'www.eafit.edu.co', 'Carrera 49  No.7 SUR - 50', '2022-07-03 01:54:47', 50000, 'Lorem ipsum dolorem item amit unum. Lorem ipsum dolorem item amit unum.Lorem ipsum dolorem item amit unum.Lorem ipsum dolorem item amit unum.Lorem ipsum dolorem item amit unum.', 'logo.jpg', 'bg.jpg', 'youtube.com', '0000-00-00 00:00:00', '0000-00-00 00:00:00'),
(248, 'UNIVERSIDAD DE SAN BUENAVENTURA', 0, 1, 547, 1, 'www.usb-med.edu.co', 'Carrera 56C   51-90  Barrio San Benito', '2022-07-03 01:54:47', 50000, 'Lorem ipsum dolorem item amit unum. Lorem ipsum dolorem item amit unum.Lorem ipsum dolorem item amit unum.Lorem ipsum dolorem item amit unum.Lorem ipsum dolorem item amit unum.', 'logo.jpg', 'bg.jpg', 'youtube.com', '0000-00-00 00:00:00', '0000-00-00 00:00:00'),
(249, 'UNIVERSIDAD DE MEDELLIN', 0, 1, 547, 0, 'www.udem.edu.co', 'Carrera 87 No. 30-65 Los Alpes', '2022-07-03 01:54:47', 50000, 'Lorem ipsum dolorem item amit unum. Lorem ipsum dolorem item amit unum.Lorem ipsum dolorem item amit unum.Lorem ipsum dolorem item amit unum.Lorem ipsum dolorem item amit unum.', 'logo.jpg', 'bg.jpg', 'youtube.com', '0000-00-00 00:00:00', '0000-00-00 00:00:00'),
(250, 'UNIVERSIDAD AUTONOMA LATINOAMERICANA-UNAULA-', 0, 0, 547, 0, 'www.unaula.edu.co', 'Carrera 55A  49 - 51', '2022-07-03 01:54:47', 50000, 'Lorem ipsum dolorem item amit unum. Lorem ipsum dolorem item amit unum.Lorem ipsum dolorem item amit unum.Lorem ipsum dolorem item amit unum.Lorem ipsum dolorem item amit unum.', 'logo.jpg', 'bg.jpg', 'youtube.com', '0000-00-00 00:00:00', '0000-00-00 00:00:00'),
(251, 'UNIVERSIDAD COOPERATIVA DE COLOMBIA', 0, 0, 547, 1, 'www.ucc.edu.co', 'Calle 50  41-70', '2022-07-03 01:54:47', 50000, 'Lorem ipsum dolorem item amit unum. Lorem ipsum dolorem item amit unum.Lorem ipsum dolorem item amit unum.Lorem ipsum dolorem item amit unum.Lorem ipsum dolorem item amit unum.', 'logo.jpg', 'bg.jpg', 'youtube.com', '0000-00-00 00:00:00', '0000-00-00 00:00:00'),
(252, 'COLEGIO MAYOR DE ANTIOQUIA', 1, 1, 547, 0, 'www.colmayor.edu.co', 'Calle 65  77-126 Robledo', '2022-07-03 01:54:47', 50000, 'Lorem ipsum dolorem item amit unum. Lorem ipsum dolorem item amit unum.Lorem ipsum dolorem item amit unum.Lorem ipsum dolorem item amit unum.Lorem ipsum dolorem item amit unum.', 'logo.jpg', 'bg.jpg', 'youtube.com', '0000-00-00 00:00:00', '0000-00-00 00:00:00'),
(253, 'ESCUELA SUPERIOR DE ADMINISTRACION PUBLICA-ESAP-', 1, 0, 547, 1, 'www.esap.edu.co', 'Calle 56 (Bolivia)  45-34', '2022-07-03 01:54:47', 50000, 'Lorem ipsum dolorem item amit unum. Lorem ipsum dolorem item amit unum.Lorem ipsum dolorem item amit unum.Lorem ipsum dolorem item amit unum.Lorem ipsum dolorem item amit unum.', 'logo.jpg', 'bg.jpg', 'youtube.com', '0000-00-00 00:00:00', '0000-00-00 00:00:00'),
(254, 'POLITECNICO COLOMBIANO JAIME ISAZA CADAVID', 1, 0, 547, 0, 'www.politecnicojic.edu.co', 'Carrera 48  7-151', '2022-07-03 01:54:47', 50000, 'Lorem ipsum dolorem item amit unum. Lorem ipsum dolorem item amit unum.Lorem ipsum dolorem item amit unum.Lorem ipsum dolorem item amit unum.Lorem ipsum dolorem item amit unum.', 'logo.jpg', 'bg.jpg', 'youtube.com', '0000-00-00 00:00:00', '0000-00-00 00:00:00'),
(255, 'UNIVERSIDAD CES', 0, 1, 547, 0, 'www.ces.edu.co', 'Calle 10A  22-04', '2022-07-03 01:54:47', 50000, 'Lorem ipsum dolorem item amit unum. Lorem ipsum dolorem item amit unum.Lorem ipsum dolorem item amit unum.Lorem ipsum dolorem item amit unum.Lorem ipsum dolorem item amit unum.', 'logo.jpg', 'bg.jpg', 'youtube.com', '0000-00-00 00:00:00', '0000-00-00 00:00:00'),
(256, 'UNIVERSIDAD CATÓLICA LUIS AMIGÓ', 0, 0, 547, 0, 'http://www.ucatolicaluisamigo.edu.co', 'Transversal  51A  67B - 90', '2022-07-03 01:54:47', 251, 'Lorem ipsum dolorem item amit unum. Lorem ipsum dolorem item amit unum.Lorem ipsum dolorem item amit unum.Lorem ipsum dolorem item amit unum.Lorem ipsum dolorem item amit unum.', 'logo.jpg', 'bg.jpg', 'youtube.com', '0000-00-00 00:00:00', '2022-06-30 19:39:26'),
(257, 'FUNDACION UNIVERSITARIA MARIA CANO', 0, 0, 547, 0, 'www.fumc.edu.co', 'Calle 56  41-90', '2022-07-03 01:54:47', 50000, 'Lorem ipsum dolorem item amit unum. Lorem ipsum dolorem item amit unum.Lorem ipsum dolorem item amit unum.Lorem ipsum dolorem item amit unum.Lorem ipsum dolorem item amit unum.', 'logo.jpg', 'bg.jpg', 'youtube.com', '0000-00-00 00:00:00', '0000-00-00 00:00:00'),
(258, 'FUNDACION UNIVERSITARIA SEMINARIO BIBLICO DE COLOMBIA - FUSBC', 0, 0, 547, 0, 'www.unisbc.edu.co', 'Calle 76 No. 87 - 14', '2022-07-03 01:54:47', 50000, 'Lorem ipsum dolorem item amit unum. Lorem ipsum dolorem item amit unum.Lorem ipsum dolorem item amit unum.Lorem ipsum dolorem item amit unum.Lorem ipsum dolorem item amit unum.', 'logo.jpg', 'bg.jpg', 'youtube.com', '0000-00-00 00:00:00', '0000-00-00 00:00:00'),
(259, 'INSTITUCIÓN UNIVERSITARIA VISIÓN DE LAS AmóRICAS', 0, 0, 547, 0, 'www.uam.edu.co', 'Circular 73  35 -04', '2022-07-03 01:54:47', 50000, 'Lorem ipsum dolorem item amit unum. Lorem ipsum dolorem item amit unum.Lorem ipsum dolorem item amit unum.Lorem ipsum dolorem item amit unum.Lorem ipsum dolorem item amit unum.', 'logo.jpg', 'bg.jpg', 'youtube.com', '0000-00-00 00:00:00', '0000-00-00 00:00:00'),
(260, 'INSTITUCION UNIVERSITARIA  SALAZAR Y HERRERA', 0, 0, 547, 0, 'www.iush.edu.co', 'Carrera 70  52-49 Barrio Los Colores', '2022-07-03 01:54:47', 50000, 'Lorem ipsum dolorem item amit unum. Lorem ipsum dolorem item amit unum.Lorem ipsum dolorem item amit unum.Lorem ipsum dolorem item amit unum.Lorem ipsum dolorem item amit unum.', 'logo.jpg', 'bg.jpg', 'youtube.com', '0000-00-00 00:00:00', '0000-00-00 00:00:00'),
(261, 'CORPORACION UNIVERSITARIA ADVENTISTA - UNAC', 0, 0, 547, 0, 'www.unac.edu.co', 'Cra 84 No. 33 AA - 01', '2022-07-03 01:54:47', 50000, 'Lorem ipsum dolorem item amit unum. Lorem ipsum dolorem item amit unum.Lorem ipsum dolorem item amit unum.Lorem ipsum dolorem item amit unum.Lorem ipsum dolorem item amit unum.', 'logo.jpg', 'bg.jpg', 'youtube.com', '0000-00-00 00:00:00', '0000-00-00 00:00:00'),
(262, 'CORPORACION UNIVERSITARIA REMINGTON', 0, 0, 547, 0, 'www.remington.edu.co', 'Calle 51  51-27 Edificio Coltabaco Torre 1', '2022-07-03 01:54:47', 50000, 'Lorem ipsum dolorem item amit unum. Lorem ipsum dolorem item amit unum.Lorem ipsum dolorem item amit unum.Lorem ipsum dolorem item amit unum.Lorem ipsum dolorem item amit unum.', 'logo.jpg', 'bg.jpg', 'youtube.com', '0000-00-00 00:00:00', '0000-00-00 00:00:00'),
(263, 'CORPORACION COLEGIATURA COLOMBIANA', 0, 0, 547, 0, 'www.colegiatura.edu.co', 'Km 7. vía Las Palmas', '2022-07-03 01:54:47', 50000, 'Lorem ipsum dolorem item amit unum. Lorem ipsum dolorem item amit unum.Lorem ipsum dolorem item amit unum.Lorem ipsum dolorem item amit unum.Lorem ipsum dolorem item amit unum.', 'logo.jpg', 'bg.jpg', 'youtube.com', '0000-00-00 00:00:00', '0000-00-00 00:00:00'),
(264, 'INSTITUCIÓN UNIVERSITARIA PASCUAL BRAVO', 1, 0, 547, 0, 'www.pascualbravo.edu.co', 'Calle 73 No. 73A-226', '2022-07-03 01:54:47', 50000, 'Lorem ipsum dolorem item amit unum. Lorem ipsum dolorem item amit unum.Lorem ipsum dolorem item amit unum.Lorem ipsum dolorem item amit unum.Lorem ipsum dolorem item amit unum.', 'logo.jpg', 'bg.jpg', 'youtube.com', '0000-00-00 00:00:00', '0000-00-00 00:00:00'),
(265, 'TECNOLOGICO DE ANTIOQUIA', 1, 1, 547, 0, 'www.tdea.edu.co', 'Calle 78B  72A-220', '2022-07-03 01:54:47', 50000, 'Lorem ipsum dolorem item amit unum. Lorem ipsum dolorem item amit unum.Lorem ipsum dolorem item amit unum.Lorem ipsum dolorem item amit unum.Lorem ipsum dolorem item amit unum.', 'logo.jpg', 'bg.jpg', 'youtube.com', '0000-00-00 00:00:00', '0000-00-00 00:00:00'),
(266, 'INSTITUTO TECNOLOGICO METROPOLITANO', 1, 1, 547, 0, 'www.itm.edu.co', 'Calle 73 NO. 76A-354 vía al Volador', '2022-07-03 01:54:47', 50000, 'Lorem ipsum dolorem item amit unum. Lorem ipsum dolorem item amit unum.Lorem ipsum dolorem item amit unum.Lorem ipsum dolorem item amit unum.Lorem ipsum dolorem item amit unum.', 'logo.jpg', 'bg.jpg', 'youtube.com', '0000-00-00 00:00:00', '0000-00-00 00:00:00'),
(267, 'INSTITUCION UNIVERSITARIA ESCOLME', 0, 0, 547, 0, 'www.escolme.edu.co', 'Calle 50   40-39', '2022-07-03 01:54:47', 50000, 'Lorem ipsum dolorem item amit unum. Lorem ipsum dolorem item amit unum.Lorem ipsum dolorem item amit unum.Lorem ipsum dolorem item amit unum.Lorem ipsum dolorem item amit unum.', 'logo.jpg', 'bg.jpg', 'youtube.com', '0000-00-00 00:00:00', '0000-00-00 00:00:00'),
(268, 'FUNDACION UNIVERSITARIA ESUMER', 0, 0, 547, 0, 'www.esumer.edu.co', 'Calle 76  80-126 Carretera al Mar', '2022-07-03 01:54:47', 50000, 'Lorem ipsum dolorem item amit unum. Lorem ipsum dolorem item amit unum.Lorem ipsum dolorem item amit unum.Lorem ipsum dolorem item amit unum.Lorem ipsum dolorem item amit unum.', 'logo.jpg', 'bg.jpg', 'youtube.com', '0000-00-00 00:00:00', '0000-00-00 00:00:00'),
(269, 'CENTRO EDUCACIONAL DE COMPUTOS Y SISTEMAS-CEDESISTEMAS-', 0, 0, 547, 0, 'www.cedesistemas.edu.co', 'Cra 43 No. 54-44', '2022-07-03 01:54:47', 50000, 'Lorem ipsum dolorem item amit unum. Lorem ipsum dolorem item amit unum.Lorem ipsum dolorem item amit unum.Lorem ipsum dolorem item amit unum.Lorem ipsum dolorem item amit unum.', 'logo.jpg', 'bg.jpg', 'youtube.com', '0000-00-00 00:00:00', '0000-00-00 00:00:00'),
(270, 'ESCUELA DE TECNOLOGIAS DE ANTIOQUIA -ETA-', 0, 0, 547, 0, 'www.etdea.edu.co', 'Carrera 80B No. 32EE-61', '2022-07-03 01:54:47', 50000, 'Lorem ipsum dolorem item amit unum. Lorem ipsum dolorem item amit unum.Lorem ipsum dolorem item amit unum.Lorem ipsum dolorem item amit unum.Lorem ipsum dolorem item amit unum.', 'logo.jpg', 'bg.jpg', 'youtube.com', '0000-00-00 00:00:00', '0000-00-00 00:00:00'),
(271, 'CORPORACION ACADEMIA TECNOLOGICA DE COLOMBIA -ATEC-', 0, 0, 547, 0, 'www.atec.edu.co', 'Carrera 42  47-82 Centro', '2022-07-03 01:54:47', 50000, 'Lorem ipsum dolorem item amit unum. Lorem ipsum dolorem item amit unum.Lorem ipsum dolorem item amit unum.Lorem ipsum dolorem item amit unum.Lorem ipsum dolorem item amit unum.', 'logo.jpg', 'bg.jpg', 'youtube.com', '0000-00-00 00:00:00', '0000-00-00 00:00:00'),
(272, 'CORPORACION ACADEMIA SUPERIOR DE ARTES', 0, 0, 547, 0, 'www.corpoasa.edu.co', 'Calle 43 78-40', '2022-07-03 01:54:47', 50000, 'Lorem ipsum dolorem item amit unum. Lorem ipsum dolorem item amit unum.Lorem ipsum dolorem item amit unum.Lorem ipsum dolorem item amit unum.Lorem ipsum dolorem item amit unum.', 'logo.jpg', 'bg.jpg', 'youtube.com', '0000-00-00 00:00:00', '0000-00-00 00:00:00'),
(273, 'CORPORACION EDUCATIVA INSTITUTO TECNICO SUPERIOR DE ARTES IDEARTES', 0, 0, 547, 0, 'www.institutodeartes.edu.co', 'Calle 47  42-39', '2022-07-03 01:54:47', 50000, 'Lorem ipsum dolorem item amit unum. Lorem ipsum dolorem item amit unum.Lorem ipsum dolorem item amit unum.Lorem ipsum dolorem item amit unum.Lorem ipsum dolorem item amit unum.', 'logo.jpg', 'bg.jpg', 'youtube.com', '0000-00-00 00:00:00', '0000-00-00 00:00:00'),
(274, 'SERVICIO NACIONAL DE APRENDIZAJE-SENA-', 1, 0, 547, 1, 'www.senamed.edu.co', 'Calle 51  57-70', '2022-07-03 01:54:47', 50000, 'Lorem ipsum dolorem item amit unum. Lorem ipsum dolorem item amit unum.Lorem ipsum dolorem item amit unum.Lorem ipsum dolorem item amit unum.Lorem ipsum dolorem item amit unum.', 'logo.jpg', 'bg.jpg', 'youtube.com', '0000-00-00 00:00:00', '0000-00-00 00:00:00'),
(275, 'FUNDACION UNIVERSITARIA BELLAS ARTES', 0, 0, 547, 0, 'www.bellasartesmed.edu.co', 'Palacio Bellas Artes Calle 52 No. 42-08', '2022-07-03 01:54:47', 50000, 'Lorem ipsum dolorem item amit unum. Lorem ipsum dolorem item amit unum.Lorem ipsum dolorem item amit unum.Lorem ipsum dolorem item amit unum.Lorem ipsum dolorem item amit unum.', 'logo.jpg', 'bg.jpg', 'youtube.com', '0000-00-00 00:00:00', '0000-00-00 00:00:00'),
(276, 'CORPORACION UNIVERSITARIA U DE COLOMBIA', 0, 0, 547, 0, 'www.udecolombia.edu.co', 'Calle 56 #41-147', '2022-07-03 01:54:47', 50000, 'Lorem ipsum dolorem item amit unum. Lorem ipsum dolorem item amit unum.Lorem ipsum dolorem item amit unum.Lorem ipsum dolorem item amit unum.Lorem ipsum dolorem item amit unum.', 'logo.jpg', 'bg.jpg', 'youtube.com', '0000-00-00 00:00:00', '0000-00-00 00:00:00'),
(277, 'INSTITUCION UNIVERSITARIA DIGITAL DE ANTIOQUIA -IU. DIGITAL', 1, 0, 547, 0, 'www.iudigital.edu.co/Paginas/default.aspx', 'Calle 42B   52- 106', '2022-07-03 01:54:47', 50000, 'Lorem ipsum dolorem item amit unum. Lorem ipsum dolorem item amit unum.Lorem ipsum dolorem item amit unum.Lorem ipsum dolorem item amit unum.Lorem ipsum dolorem item amit unum.', 'logo.jpg', 'bg.jpg', 'youtube.com', '0000-00-00 00:00:00', '0000-00-00 00:00:00'),
(278, 'INSTITUTO TECNOLOGICO DEL PUTUMAYO', 1, 0, 547, 0, 'www.itp.edu.co', 'Barrio la Esmeralda aire libre', '2022-07-03 01:54:47', 50000, 'Lorem ipsum dolorem item amit unum. Lorem ipsum dolorem item amit unum.Lorem ipsum dolorem item amit unum.Lorem ipsum dolorem item amit unum.Lorem ipsum dolorem item amit unum.', 'logo.jpg', 'bg.jpg', 'youtube.com', '0000-00-00 00:00:00', '0000-00-00 00:00:00'),
(279, 'UNIVERSIDAD DE CORDOBA', 1, 1, 573, 0, 'www.unicordoba.edu.co', 'Carrera 6 No. 77-305', '2022-07-03 01:54:47', 50000, 'Lorem ipsum dolorem item amit unum. Lorem ipsum dolorem item amit unum.Lorem ipsum dolorem item amit unum.Lorem ipsum dolorem item amit unum.Lorem ipsum dolorem item amit unum.', 'logo.jpg', 'bg.jpg', 'youtube.com', '0000-00-00 00:00:00', '0000-00-00 00:00:00'),
(280, 'UNIVERSIDAD PONTIFICIA BOLIVARIANA', 0, 1, 573, 1, 'www.upbmonteria.edu.co', 'Kilómetro 8 vía a Cereté', '2022-07-03 01:54:47', 50000, 'Lorem ipsum dolorem item amit unum. Lorem ipsum dolorem item amit unum.Lorem ipsum dolorem item amit unum.Lorem ipsum dolorem item amit unum.Lorem ipsum dolorem item amit unum.', 'logo.jpg', 'bg.jpg', 'youtube.com', '0000-00-00 00:00:00', '0000-00-00 00:00:00'),
(281, 'UNIVERSIDAD DEL SINU - ELIAS BECHARA ZAINUM - UNISINU -', 0, 1, 573, 0, 'www.unisinu.edu.co', 'Carrera 1W Calle 38 Barrio Juan XXIII', '2022-07-03 01:54:47', 50000, 'Lorem ipsum dolorem item amit unum. Lorem ipsum dolorem item amit unum.Lorem ipsum dolorem item amit unum.Lorem ipsum dolorem item amit unum.Lorem ipsum dolorem item amit unum.', 'logo.jpg', 'bg.jpg', 'youtube.com', '0000-00-00 00:00:00', '0000-00-00 00:00:00'),
(282, 'SERVICIO NACIONAL DE APRENDIZAJE-SENA-', 1, 0, 579, 1, 'www.sena.edu.co', 'Km. 16 Via Bogota- Mosquera', '2022-07-03 01:54:47', 50000, 'Lorem ipsum dolorem item amit unum. Lorem ipsum dolorem item amit unum.Lorem ipsum dolorem item amit unum.Lorem ipsum dolorem item amit unum.Lorem ipsum dolorem item amit unum.', 'logo.jpg', 'bg.jpg', 'youtube.com', '0000-00-00 00:00:00', '0000-00-00 00:00:00'),
(283, 'UNIVERSIDAD SURCOLOMBIANA', 1, 1, 596, 0, 'www.usco.edu.co', 'Avenida Pastrana Borrero Carrera 1', '2022-07-03 01:54:47', 50000, 'Lorem ipsum dolorem item amit unum. Lorem ipsum dolorem item amit unum.Lorem ipsum dolorem item amit unum.Lorem ipsum dolorem item amit unum.Lorem ipsum dolorem item amit unum.', 'logo.jpg', 'bg.jpg', 'youtube.com', '0000-00-00 00:00:00', '0000-00-00 00:00:00'),
(284, 'CORPORACION UNIVERSITARIA DEL HUILA-CORHUILA-', 0, 0, 596, 0, 'www.corhuila.edu.co', 'Calle 21  6-01', '2022-07-03 01:54:47', 50000, 'Lorem ipsum dolorem item amit unum. Lorem ipsum dolorem item amit unum.Lorem ipsum dolorem item amit unum.Lorem ipsum dolorem item amit unum.Lorem ipsum dolorem item amit unum.', 'logo.jpg', 'bg.jpg', 'youtube.com', '0000-00-00 00:00:00', '0000-00-00 00:00:00'),
(285, 'UNIVERSIDAD ANTONIO NARIÑO', 0, 0, 596, 1, 'http://www.uan.edu.co/design/sedes/home.htm', 'Clle 7 #3-27 y Clle 19 #42-98', '2022-07-03 01:54:47', 50000, 'Lorem ipsum dolorem item amit unum. Lorem ipsum dolorem item amit unum.Lorem ipsum dolorem item amit unum.Lorem ipsum dolorem item amit unum.Lorem ipsum dolorem item amit unum.', 'logo.jpg', 'bg.jpg', 'youtube.com', '0000-00-00 00:00:00', '0000-00-00 00:00:00'),
(286, 'FUNDACION UNIVERSITARIA NAVARRA - UNINAVARRA', 0, 0, 596, 0, 'www.uninavarra.edu.co', 'CALLE 10 # 6-41', '2022-07-03 01:54:47', 50000, 'Lorem ipsum dolorem item amit unum. Lorem ipsum dolorem item amit unum.Lorem ipsum dolorem item amit unum.Lorem ipsum dolorem item amit unum.Lorem ipsum dolorem item amit unum.', 'logo.jpg', 'bg.jpg', 'youtube.com', '0000-00-00 00:00:00', '0000-00-00 00:00:00'),
(287, 'ESCUELA  MILITAR DE SUBOFICIALES SARGENTO INOCENCIO CHINCA', 1, 0, 596, 0, 'www.emsub.edu.co', 'Fuerte Militar de Tolemaida', '2022-07-03 01:54:47', 50000, 'Lorem ipsum dolorem item amit unum. Lorem ipsum dolorem item amit unum.Lorem ipsum dolorem item amit unum.Lorem ipsum dolorem item amit unum.Lorem ipsum dolorem item amit unum.', 'logo.jpg', 'bg.jpg', 'youtube.com', '0000-00-00 00:00:00', '0000-00-00 00:00:00'),
(288, 'UNIVERSIDAD FRANCISCO DE PAULA SANTANDER', 1, 0, 596, 1, 'www.ufpso.edu.co', 'Via El Algodonal', '2022-07-03 01:54:47', 50000, 'Lorem ipsum dolorem item amit unum. Lorem ipsum dolorem item amit unum.Lorem ipsum dolorem item amit unum.Lorem ipsum dolorem item amit unum.Lorem ipsum dolorem item amit unum.', 'logo.jpg', 'bg.jpg', 'youtube.com', '0000-00-00 00:00:00', '0000-00-00 00:00:00'),
(289, 'UNIVERSIDAD NACIONAL DE COLOMBIA', 1, 0, 639, 1, 'www.palmira.unal.edu.co', 'Carrera 32 No 12 - 00 Chapinero vía Candelaria', '2022-07-03 01:54:47', 50000, 'Lorem ipsum dolorem item amit unum. Lorem ipsum dolorem item amit unum.Lorem ipsum dolorem item amit unum.Lorem ipsum dolorem item amit unum.Lorem ipsum dolorem item amit unum.', 'logo.jpg', 'bg.jpg', 'youtube.com', '0000-00-00 00:00:00', '0000-00-00 00:00:00'),
(290, 'UNIVERSIDAD PONTIFICIA BOLIVARIANA', 0, 1, 639, 1, 'www.upb.edu.co', 'Km 1 vía Tienda Nueva Edif. Seminario Cristo Sacerdote Piso 2', '2022-07-03 01:54:47', 50000, 'Lorem ipsum dolorem item amit unum. Lorem ipsum dolorem item amit unum.Lorem ipsum dolorem item amit unum.Lorem ipsum dolorem item amit unum.Lorem ipsum dolorem item amit unum.', 'logo.jpg', 'bg.jpg', 'youtube.com', '0000-00-00 00:00:00', '0000-00-00 00:00:00'),
(291, 'UNIVERSIDAD SANTIAGO DE CALI', 0, 0, 639, 1, 'www.usc.edu.co/palmira', 'Carrera 30 Calle 38 Esquina', '2022-07-03 01:54:47', 50000, 'Lorem ipsum dolorem item amit unum. Lorem ipsum dolorem item amit unum.Lorem ipsum dolorem item amit unum.Lorem ipsum dolorem item amit unum.Lorem ipsum dolorem item amit unum.', 'logo.jpg', 'bg.jpg', 'youtube.com', '0000-00-00 00:00:00', '0000-00-00 00:00:00'),
(292, 'UNIVERSIDAD DEL VALLE', 1, 0, 639, 1, 'HTTP://PALMIRA.UNIVALLE.EDU.CO', 'Carrera 31 Av. La Carbonera', '2022-07-03 01:54:47', 50000, 'Lorem ipsum dolorem item amit unum. Lorem ipsum dolorem item amit unum.Lorem ipsum dolorem item amit unum.Lorem ipsum dolorem item amit unum.Lorem ipsum dolorem item amit unum.', 'logo.jpg', 'bg.jpg', 'youtube.com', '0000-00-00 00:00:00', '0000-00-00 00:00:00'),
(293, 'UNIVERSIDAD DE PAMPLONA', 1, 0, 639, 0, 'www.unipamplona.edu.co', 'Ciudad Universitaria Km.1 vía a Bucaramanga', '2022-07-03 01:54:47', 50000, 'Lorem ipsum dolorem item amit unum. Lorem ipsum dolorem item amit unum.Lorem ipsum dolorem item amit unum.Lorem ipsum dolorem item amit unum.Lorem ipsum dolorem item amit unum.', 'logo.jpg', 'bg.jpg', 'youtube.com', '0000-00-00 00:00:00', '0000-00-00 00:00:00'),
(294, 'INSTITUTO SUPERIOR DE EDUCACION RURAL-ISER-', 1, 0, 639, 0, 'www.iser.edu.co', 'Calle  8   No.8-155', '2022-07-03 01:54:47', 50000, 'Lorem ipsum dolorem item amit unum. Lorem ipsum dolorem item amit unum.Lorem ipsum dolorem item amit unum.Lorem ipsum dolorem item amit unum.Lorem ipsum dolorem item amit unum.', 'logo.jpg', 'bg.jpg', 'youtube.com', '0000-00-00 00:00:00', '0000-00-00 00:00:00'),
(295, 'UNIVERSIDAD DE NARIÑO', 1, 1, 829, 0, 'www.udenar.edu.co', 'Torobajo Carrera 22 No. 18-109', '2022-07-03 01:54:47', 50000, 'Lorem ipsum dolorem item amit unum. Lorem ipsum dolorem item amit unum.Lorem ipsum dolorem item amit unum.Lorem ipsum dolorem item amit unum.Lorem ipsum dolorem item amit unum.', 'logo.jpg', 'bg.jpg', 'youtube.com', '0000-00-00 00:00:00', '0000-00-00 00:00:00'),
(296, 'UNIVERSIDAD MARIANA', 0, 0, 829, 0, 'www.umariana.edu.co', 'Calle 18 No. 34-104', '2022-07-03 01:54:47', 50000, 'Lorem ipsum dolorem item amit unum. Lorem ipsum dolorem item amit unum.Lorem ipsum dolorem item amit unum.Lorem ipsum dolorem item amit unum.Lorem ipsum dolorem item amit unum.', 'logo.jpg', 'bg.jpg', 'youtube.com', '0000-00-00 00:00:00', '0000-00-00 00:00:00'),
(297, 'UNIVERSIDAD CESMAG - UNICESMAG', 0, 0, 829, 0, 'www.iucesmag.edu.co', 'Carrera 20A  14-54', '2022-07-03 01:54:47', 50000, 'Lorem ipsum dolorem item amit unum. Lorem ipsum dolorem item amit unum.Lorem ipsum dolorem item amit unum.Lorem ipsum dolorem item amit unum.Lorem ipsum dolorem item amit unum.', 'logo.jpg', 'bg.jpg', 'youtube.com', '0000-00-00 00:00:00', '0000-00-00 00:00:00'),
(298, 'CORPORACION UNIVERSITARIA AUTONOMA DE NARIÑO -AUNAR-', 0, 0, 829, 0, 'www.aunar.edu.co', 'Calle 19  27-80', '2022-07-03 01:54:47', 50000, 'Lorem ipsum dolorem item amit unum. Lorem ipsum dolorem item amit unum.Lorem ipsum dolorem item amit unum.Lorem ipsum dolorem item amit unum.Lorem ipsum dolorem item amit unum.', 'logo.jpg', 'bg.jpg', 'youtube.com', '0000-00-00 00:00:00', '0000-00-00 00:00:00'),
(299, 'FUNDACION UNIVERSITARIA CATOLICA DEL SUR - UNICATOLICA DEL SUR', 0, 0, 829, 0, 'www.', 'CALLE 18 Nº 56 -02', '2022-07-03 01:54:47', 50000, 'Lorem ipsum dolorem item amit unum. Lorem ipsum dolorem item amit unum.Lorem ipsum dolorem item amit unum.Lorem ipsum dolorem item amit unum.Lorem ipsum dolorem item amit unum.', 'logo.jpg', 'bg.jpg', 'youtube.com', '0000-00-00 00:00:00', '0000-00-00 00:00:00'),
(300, 'COLEGIO INTEGRADO NACIONAL ORIENTE DE CALDAS - IES CINOC', 1, 0, 829, 0, 'www.iescinoc.edu.co', 'Carrera 5 # 6-30', '2022-07-03 01:54:47', 50000, 'Lorem ipsum dolorem item amit unum. Lorem ipsum dolorem item amit unum.Lorem ipsum dolorem item amit unum.Lorem ipsum dolorem item amit unum.Lorem ipsum dolorem item amit unum.', 'logo.jpg', 'bg.jpg', 'youtube.com', '0000-00-00 00:00:00', '0000-00-00 00:00:00'),
(301, 'UNIVERSIDAD TECNOLOGICA DE PEREIRA - UTP', 1, 1, 657, 0, 'www.utp.edu.co', 'Carrera 27 #10-02', '2022-07-03 01:54:47', 50000, 'Lorem ipsum dolorem item amit unum. Lorem ipsum dolorem item amit unum.Lorem ipsum dolorem item amit unum.Lorem ipsum dolorem item amit unum.Lorem ipsum dolorem item amit unum.', 'logo.jpg', 'bg.jpg', 'youtube.com', '0000-00-00 00:00:00', '0000-00-00 00:00:00'),
(302, 'UNIVERSIDAD LIBRE', 0, 1, 657, 1, 'www.unilibrepereira.edu.co', 'Calle 40 Nº 7-30', '2022-07-03 01:54:47', 50000, 'Lorem ipsum dolorem item amit unum. Lorem ipsum dolorem item amit unum.Lorem ipsum dolorem item amit unum.Lorem ipsum dolorem item amit unum.Lorem ipsum dolorem item amit unum.', 'logo.jpg', 'bg.jpg', 'youtube.com', '0000-00-00 00:00:00', '0000-00-00 00:00:00'),
(303, 'UNIVERSIDAD CATOLICA DE PEREIRA', 0, 0, 657, 0, 'www.ucpr.edu.co', 'Avenida de las Amóricas Cra. 21  49-95', '2022-07-03 01:54:47', 50000, 'Lorem ipsum dolorem item amit unum. Lorem ipsum dolorem item amit unum.Lorem ipsum dolorem item amit unum.Lorem ipsum dolorem item amit unum.Lorem ipsum dolorem item amit unum.', 'logo.jpg', 'bg.jpg', 'youtube.com', '0000-00-00 00:00:00', '0000-00-00 00:00:00'),
(304, 'FUNDACION UNIVERSITARIA DEL AREA ANDINA', 0, 1, 657, 1, 'www.funandi.edu.co', 'Calle 24 No.8-55', '2022-07-03 01:54:47', 50000, 'Lorem ipsum dolorem item amit unum. Lorem ipsum dolorem item amit unum.Lorem ipsum dolorem item amit unum.Lorem ipsum dolorem item amit unum.Lorem ipsum dolorem item amit unum.', 'logo.jpg', 'bg.jpg', 'youtube.com', '0000-00-00 00:00:00', '0000-00-00 00:00:00'),
(305, 'CORPORACION INSTITUTO DE ADMINISTRACION Y FINANZAS - CIAF', 0, 0, 657, 0, 'www.ciaf.edu.co', 'Carrera 6 24-56', '2022-07-03 01:54:47', 50000, 'Lorem ipsum dolorem item amit unum. Lorem ipsum dolorem item amit unum.Lorem ipsum dolorem item amit unum.Lorem ipsum dolorem item amit unum.Lorem ipsum dolorem item amit unum.', 'logo.jpg', 'bg.jpg', 'youtube.com', '0000-00-00 00:00:00', '0000-00-00 00:00:00'),
(306, 'FUNDACION UNIVERSITARIA COMFAMILIAR RISARALDA', 0, 0, 657, 0, 'www.uc.edu.co', 'CRA. 5 Nº 21 - 30', '2022-07-03 01:54:47', 50000, 'Lorem ipsum dolorem item amit unum. Lorem ipsum dolorem item amit unum.Lorem ipsum dolorem item amit unum.Lorem ipsum dolorem item amit unum.Lorem ipsum dolorem item amit unum.', 'logo.jpg', 'bg.jpg', 'youtube.com', '0000-00-00 00:00:00', '0000-00-00 00:00:00'),
(307, 'UNIVERSIDAD DEL CAUCA', 1, 1, 679, 0, 'www.unicauca.edu.co', 'Claustro de Santo Domingo Calle 5 No. 4-70', '2022-07-03 01:54:47', 50000, 'Lorem ipsum dolorem item amit unum. Lorem ipsum dolorem item amit unum.Lorem ipsum dolorem item amit unum.Lorem ipsum dolorem item amit unum.Lorem ipsum dolorem item amit unum.', 'logo.jpg', 'bg.jpg', 'youtube.com', '0000-00-00 00:00:00', '0000-00-00 00:00:00'),
(308, 'FUNDACION UNIVERSITARIA DE POPAYAN', 0, 0, 679, 0, 'www.fup.edu.co', 'Los Robles Km.. 8 vía al Sur', '2022-07-03 01:54:47', 50000, 'Lorem ipsum dolorem item amit unum. Lorem ipsum dolorem item amit unum.Lorem ipsum dolorem item amit unum.Lorem ipsum dolorem item amit unum.Lorem ipsum dolorem item amit unum.', 'logo.jpg', 'bg.jpg', 'youtube.com', '0000-00-00 00:00:00', '0000-00-00 00:00:00');

-- --------------------------------------------------------

--
-- Estructura de tabla para la tabla `users`
--

CREATE TABLE `users` (
  `id` bigint(20) UNSIGNED NOT NULL,
  `name` varchar(255) COLLATE utf8mb4_unicode_ci NOT NULL,
  `email` varchar(255) COLLATE utf8mb4_unicode_ci NOT NULL,
  `email_verified_at` timestamp NULL DEFAULT NULL,
  `password` varchar(255) COLLATE utf8mb4_unicode_ci NOT NULL,
  `remember_token` varchar(100) COLLATE utf8mb4_unicode_ci DEFAULT NULL,
  `phone` varchar(20) COLLATE utf8mb4_unicode_ci DEFAULT NULL,
  `image` varchar(255) COLLATE utf8mb4_unicode_ci DEFAULT NULL,
  `created_at` timestamp NULL DEFAULT NULL,
  `updated_at` timestamp NULL DEFAULT NULL
) ENGINE=InnoDB DEFAULT CHARSET=utf8mb4 COLLATE=utf8mb4_unicode_ci;

--
-- Volcado de datos para la tabla `users`
--

INSERT INTO `users` (`id`, `name`, `email`, `email_verified_at`, `password`, `remember_token`, `phone`, `image`, `created_at`, `updated_at`) VALUES
(1, 'Dr. Keeley McDermott', 'admin@admin.com', '2022-06-30 02:25:35', '$2y$10$oARsn8xIFjotAMbNx3E.i.VTqJ1b8TzpEsuoPSssSr9Ham5Tj7Usq', 'o7xO6ZmP3ZNwIAtCI7MrbN1HSPxNMM8INQQ5B5LBQXLc8Hc1x91XBcA6ETNb', '+53 5500000', NULL, '2022-06-30 02:25:35', '2022-06-30 02:25:35'),
(2, 'Mr. Keyon Hamill I', 'green.anabelle@hotmail.com', '2022-06-30 02:26:12', '$2y$10$IeVQPM9iBW8WeLUmDo3KfOzRToon9b43oj0sSWIUtG3xaoSB38bwy', 'AssaHlw7bS', '+53 5500000', NULL, '2022-06-30 02:26:12', '2022-06-30 02:26:12'),
(3, 'Mr. Pedro Medhurst', 'eino.wyman@gmail.com', '2022-06-30 02:26:12', '$2y$10$8/9UAI3ypb0tIXgMg8EyOuCJepgraKCQSK.O3Up6MVXjc64XD7d2S', 'ewmnYvulwJ', '+53 5500000', NULL, '2022-06-30 02:26:12', '2022-06-30 02:26:12'),
(4, 'Matilda Skiles Sr.', 'jsmitham@gmail.com', '2022-06-30 02:26:13', '$2y$10$ZFs6TxboEXU5gb2BNyQpCOjHyPRZiQ6XazdDNj.uPnfMhIMc3LYTS', '8iReEQ4jsH', '+53 5500000', NULL, '2022-06-30 02:26:13', '2022-06-30 02:26:13'),
(5, 'Prof. Tracy Ernser I', 'zgibson@nader.com', '2022-06-30 02:26:13', '$2y$10$H9zsei2dpPJFJWWYnm6Q8.IgRoAFpc7VTHzAbVnC/CivQlYJv/sHu', 'xF2MrZIv0O', '+53 5500000', NULL, '2022-06-30 02:26:13', '2022-06-30 02:26:13'),
(6, 'Shea Collier DDS', 'smacejkovic@gmail.com', '2022-06-30 02:26:14', '$2y$10$BzSLRxwej7w1XTHdgtZP5e8MFwEzH3li87BNJTsFrr1qd4WilRrle', 'MedgseEhek', '+53 5500000', NULL, '2022-06-30 02:26:14', '2022-06-30 02:26:14'),
(7, 'Lorenzo Considine', 'ahmad.gleason@rippin.com', '2022-06-30 02:26:29', '$2y$10$LCs8takZ2S5xJZLN/Stn/OeO904UEOooDPXk7cxPIjr9.FXGIbfUq', 'lAQGEOjquF', '+53 5500000', NULL, '2022-06-30 02:26:29', '2022-06-30 02:26:29'),
(8, 'Clementina Muller', 'jett.cronin@waters.com', '2022-06-30 02:26:29', '$2y$10$Y6bBfPuu6T5iflqEntXPSO6RZfhDsBrd86B4dqQLltdyXjc2DZr2C', 'RQkiM6MqV9', '+53 5500000', NULL, '2022-06-30 02:26:29', '2022-06-30 02:26:29'),
(9, 'Ezequiel Nienow', 'hkonopelski@hotmail.com', '2022-06-30 02:26:30', '$2y$10$z5guhD8wGUBeWSIF4C//SuqvSyw9g2DIOg3j5nLvgXl/pJDCtq3g6', '4e23lTegGu', '+53 5500000', NULL, '2022-06-30 02:26:30', '2022-06-30 02:26:30'),
(10, 'Celia Harvey', 'gbartoletti@gmail.com', '2022-06-30 02:26:30', '$2y$10$.HO3NC6QNTxoK54ihZdkBeEf3D5S3/4gWcwSJ.fdR61mfK5bhZ322', 'zyPOpuVrnD', '+53 5500000', NULL, '2022-06-30 02:26:30', '2022-06-30 02:26:30'),
(11, 'Mr. Mikel Bode', 'harris.doyle@gmail.com', '2022-06-30 02:26:30', '$2y$10$5Fql4X6kNhpv1gPSQAp3X.k.LS1bh/gxpH5tUAQIm4easJWZzx2OK', 'p2dgyKw9nh', '+53 5500000', NULL, '2022-06-30 02:26:31', '2022-06-30 02:26:31'),
(12, 'Amina Waters', 'shane.lemke@yahoo.com', '2022-06-30 02:26:33', '$2y$10$Kj/wuvQvPpE6xbhznMUxsOzS3CVVtpeQjFhNHaFsrt/1KMZaxwDcC', 'nxqB2wK0Hy', '+53 5500000', NULL, '2022-06-30 02:26:33', '2022-06-30 02:26:33'),
(13, 'Isom Watsica', 'fhettinger@gmail.com', '2022-06-30 02:26:33', '$2y$10$JkTmZcFWul9rfuuQb4phXerXwI.sxgfoTKK5QKrM/UE9HcUzOirx6', '5MXmbz8EX6', '+53 5500000', NULL, '2022-06-30 02:26:33', '2022-06-30 02:26:33'),
(14, 'Orpha Johns', 'tyree.ernser@yahoo.com', '2022-06-30 02:26:33', '$2y$10$YOKj2V0Q6HsO6XSHsU02AuY1Sor.0ocRsYsoLS6A66Dc9jhYXOLJW', 'NaQy7wcN21', '+53 5500000', NULL, '2022-06-30 02:26:33', '2022-06-30 02:26:33'),
(15, 'Rupert Stokes', 'althea.eichmann@barrows.org', '2022-06-30 02:26:33', '$2y$10$gHblDSWeC01rdJWAxsuMiONH6m65.tsUjDDbQW4mw4NGGoCT3vFvq', '72d2SbSW6I', '+53 5500000', NULL, '2022-06-30 02:26:33', '2022-06-30 02:26:33'),
(16, 'Letitia Walker', 'luz.schamberger@willms.com', '2022-06-30 02:26:33', '$2y$10$EwsHnGfr/2UcVyaX78znA.ryio6.G6PFaKnzzBq4HN/rXh6ZxsmMO', 'DiWKvHHg4Z', '+53 5500000', NULL, '2022-06-30 02:26:34', '2022-06-30 02:26:34');

-- --------------------------------------------------------

--
-- Estructura de tabla para la tabla `wellnesses`
--

CREATE TABLE `wellnesses` (
  `id` bigint(20) UNSIGNED NOT NULL,
  `orientacion_psicologia` double NOT NULL,
  `actividades_deportivas` double NOT NULL,
  `actividades_culturales` double NOT NULL,
  `plan_covid19` double NOT NULL,
  `felicidad_entorno` double NOT NULL,
  `academic_program_id` bigint(20) UNSIGNED NOT NULL,
  `created_at` timestamp NULL DEFAULT NULL,
  `updated_at` timestamp NULL DEFAULT NULL
) ENGINE=InnoDB DEFAULT CHARSET=utf8mb4 COLLATE=utf8mb4_unicode_ci;

--
-- Volcado de datos para la tabla `wellnesses`
--

INSERT INTO `wellnesses` (`id`, `orientacion_psicologia`, `actividades_deportivas`, `actividades_culturales`, `plan_covid19`, `felicidad_entorno`, `academic_program_id`, `created_at`, `updated_at`) VALUES
(6, 100, 98, 95, 100, 100, 6, NULL, NULL),
(7, 100, 100, 100, 100, 100, 7, NULL, NULL),
(8, 100, 98, 100, 98, 93, 8, NULL, NULL);

-- --------------------------------------------------------

--
-- Estructura de tabla para la tabla `zones`
--

CREATE TABLE `zones` (
  `id` bigint(20) UNSIGNED NOT NULL,
  `facilidad_transporte` double NOT NULL,
  `seguridad_zona` double NOT NULL,
  `opciones_parqueo` double NOT NULL,
  `opciones_vivir` double NOT NULL,
  `opciones_comer` double NOT NULL,
  `academic_program_id` bigint(20) UNSIGNED NOT NULL,
  `created_at` timestamp NULL DEFAULT NULL,
  `updated_at` timestamp NULL DEFAULT NULL
) ENGINE=InnoDB DEFAULT CHARSET=utf8mb4 COLLATE=utf8mb4_unicode_ci;

--
-- Volcado de datos para la tabla `zones`
--

INSERT INTO `zones` (`id`, `facilidad_transporte`, `seguridad_zona`, `opciones_parqueo`, `opciones_vivir`, `opciones_comer`, `academic_program_id`, `created_at`, `updated_at`) VALUES
(1, 100, 100, 100, 100, 100, 6, NULL, NULL),
(2, 98, 97, 95, 94, 100, 7, NULL, NULL),
(3, 100, 100, 100, 87, 76, 8, NULL, NULL);

--
-- Índices para tablas volcadas
--

--
-- Indices de la tabla `academic_levels`
--
ALTER TABLE `academic_levels`
  ADD PRIMARY KEY (`id`);

--
-- Indices de la tabla `academic_programs`
--
ALTER TABLE `academic_programs`
  ADD PRIMARY KEY (`id`),
  ADD KEY `academic_programs_university_id_foreign` (`university_id`),
  ADD KEY `academic_programs_basic_core_id_foreign` (`basic_core_id`),
  ADD KEY `academic_programs_academic_level_id_foreign` (`academic_level_id`),
  ADD KEY `academic_programs_modality_id_foreign` (`modality_id`),
  ADD KEY `academic_programs_education_level_id_foreign` (`education_level_id`);

--
-- Indices de la tabla `academies`
--
ALTER TABLE `academies`
  ADD PRIMARY KEY (`id`),
  ADD KEY `academies_academic_program_id_foreign` (`academic_program_id`);

--
-- Indices de la tabla `agreements`
--
ALTER TABLE `agreements`
  ADD PRIMARY KEY (`id`),
  ADD KEY `agreements_university_id_foreign` (`university_id`);

--
-- Indices de la tabla `basic_cores`
--
ALTER TABLE `basic_cores`
  ADD PRIMARY KEY (`id`),
  ADD KEY `basic_cores_knowledge_area_id_foreign` (`knowledge_area_id`);

--
-- Indices de la tabla `benefits`
--
ALTER TABLE `benefits`
  ADD PRIMARY KEY (`id`),
  ADD KEY `benefits_beca_id_foreign` (`beca_id`);

--
-- Indices de la tabla `bonds`
--
ALTER TABLE `bonds`
  ADD PRIMARY KEY (`id`),
  ADD KEY `bonds_academic_program_id_foreign` (`academic_program_id`);

--
-- Indices de la tabla `campuses`
--
ALTER TABLE `campuses`
  ADD PRIMARY KEY (`id`),
  ADD KEY `campuses_academic_program_id_foreign` (`academic_program_id`) USING BTREE;

--
-- Indices de la tabla `cities`
--
ALTER TABLE `cities`
  ADD PRIMARY KEY (`id`),
  ADD KEY `cities_department_id_foreign` (`department_id`);

--
-- Indices de la tabla `comments`
--
ALTER TABLE `comments`
  ADD PRIMARY KEY (`id`),
  ADD KEY `comments_student_id_foreign` (`student_id`);

--
-- Indices de la tabla `convenios`
--
ALTER TABLE `convenios`
  ADD PRIMARY KEY (`id`),
  ADD KEY `convenios_university_id_foreign` (`university_id`);

--
-- Indices de la tabla `countries`
--
ALTER TABLE `countries`
  ADD PRIMARY KEY (`id`);

--
-- Indices de la tabla `departments`
--
ALTER TABLE `departments`
  ADD PRIMARY KEY (`id`),
  ADD KEY `departments_country_id_foreign` (`country_id`);

--
-- Indices de la tabla `economies`
--
ALTER TABLE `economies`
  ADD PRIMARY KEY (`id`),
  ADD KEY `economies_academic_program_id_foreign` (`academic_program_id`);

--
-- Indices de la tabla `education_levels`
--
ALTER TABLE `education_levels`
  ADD PRIMARY KEY (`id`);

--
-- Indices de la tabla `failed_jobs`
--
ALTER TABLE `failed_jobs`
  ADD PRIMARY KEY (`id`),
  ADD UNIQUE KEY `failed_jobs_uuid_unique` (`uuid`);

--
-- Indices de la tabla `internalizations`
--
ALTER TABLE `internalizations`
  ADD PRIMARY KEY (`id`),
  ADD KEY `internalizations_academic_program_id_foreign` (`academic_program_id`);

--
-- Indices de la tabla `knowledge_areas`
--
ALTER TABLE `knowledge_areas`
  ADD PRIMARY KEY (`id`);

--
-- Indices de la tabla `life_styles`
--
ALTER TABLE `life_styles`
  ADD PRIMARY KEY (`id`),
  ADD KEY `life_styles_academic_program_id_foreign` (`academic_program_id`);

--
-- Indices de la tabla `media`
--
ALTER TABLE `media`
  ADD PRIMARY KEY (`id`),
  ADD KEY `media_media_type_id_foreign` (`media_type_id`),
  ADD KEY `media_university_id_foreign` (`university_id`);

--
-- Indices de la tabla `media_types`
--
ALTER TABLE `media_types`
  ADD PRIMARY KEY (`id`);

--
-- Indices de la tabla `migrations`
--
ALTER TABLE `migrations`
  ADD PRIMARY KEY (`id`);

--
-- Indices de la tabla `modalities`
--
ALTER TABLE `modalities`
  ADD PRIMARY KEY (`id`);

--
-- Indices de la tabla `model_has_permissions`
--
ALTER TABLE `model_has_permissions`
  ADD PRIMARY KEY (`permission_id`,`model_id`,`model_type`),
  ADD KEY `model_has_permissions_model_id_model_type_index` (`model_id`,`model_type`);

--
-- Indices de la tabla `model_has_roles`
--
ALTER TABLE `model_has_roles`
  ADD PRIMARY KEY (`role_id`,`model_id`,`model_type`),
  ADD KEY `model_has_roles_model_id_model_type_index` (`model_id`,`model_type`);

--
-- Indices de la tabla `password_resets`
--
ALTER TABLE `password_resets`
  ADD KEY `password_resets_email_index` (`email`);

--
-- Indices de la tabla `permissions`
--
ALTER TABLE `permissions`
  ADD PRIMARY KEY (`id`),
  ADD UNIQUE KEY `permissions_name_guard_name_unique` (`name`,`guard_name`);

--
-- Indices de la tabla `personal_access_tokens`
--
ALTER TABLE `personal_access_tokens`
  ADD PRIMARY KEY (`id`),
  ADD UNIQUE KEY `personal_access_tokens_token_unique` (`token`),
  ADD KEY `personal_access_tokens_tokenable_type_tokenable_id_index` (`tokenable_type`,`tokenable_id`);

--
-- Indices de la tabla `prestiges`
--
ALTER TABLE `prestiges`
  ADD PRIMARY KEY (`id`),
  ADD KEY `prestiges_academic_program_id_foreign` (`academic_program_id`);

--
-- Indices de la tabla `rectorias`
--
ALTER TABLE `rectorias`
  ADD PRIMARY KEY (`id`),
  ADD KEY `rectorias_university_id_foreign` (`university_id`);

--
-- Indices de la tabla `requeriments`
--
ALTER TABLE `requeriments`
  ADD PRIMARY KEY (`id`),
  ADD KEY `requeriments_beca_id_foreign` (`beca_id`);

--
-- Indices de la tabla `roles`
--
ALTER TABLE `roles`
  ADD PRIMARY KEY (`id`),
  ADD UNIQUE KEY `roles_name_guard_name_unique` (`name`,`guard_name`);

--
-- Indices de la tabla `role_has_permissions`
--
ALTER TABLE `role_has_permissions`
  ADD PRIMARY KEY (`permission_id`,`role_id`),
  ADD KEY `role_has_permissions_role_id_foreign` (`role_id`);

--
-- Indices de la tabla `students`
--
ALTER TABLE `students`
  ADD PRIMARY KEY (`id`),
  ADD KEY `students_user_id_foreign` (`user_id`),
  ADD KEY `students_academic_program_id_foreign` (`academic_program_id`);

--
-- Indices de la tabla `universities`
--
ALTER TABLE `universities`
  ADD PRIMARY KEY (`id`),
  ADD KEY `universities_city_id_foreign` (`city_id`);

--
-- Indices de la tabla `users`
--
ALTER TABLE `users`
  ADD PRIMARY KEY (`id`),
  ADD UNIQUE KEY `users_email_unique` (`email`);

--
-- Indices de la tabla `wellnesses`
--
ALTER TABLE `wellnesses`
  ADD PRIMARY KEY (`id`),
  ADD KEY `wellnesses_academic_program_id_foreign` (`academic_program_id`);

--
-- Indices de la tabla `zones`
--
ALTER TABLE `zones`
  ADD PRIMARY KEY (`id`),
  ADD KEY `zones_academic_program_id_foreign` (`academic_program_id`);

--
-- AUTO_INCREMENT de las tablas volcadas
--

--
-- AUTO_INCREMENT de la tabla `academic_levels`
--
ALTER TABLE `academic_levels`
  MODIFY `id` bigint(20) UNSIGNED NOT NULL AUTO_INCREMENT, AUTO_INCREMENT=13;

--
-- AUTO_INCREMENT de la tabla `academic_programs`
--
ALTER TABLE `academic_programs`
  MODIFY `id` bigint(20) UNSIGNED NOT NULL AUTO_INCREMENT, AUTO_INCREMENT=9;

--
-- AUTO_INCREMENT de la tabla `academies`
--
ALTER TABLE `academies`
  MODIFY `id` bigint(20) UNSIGNED NOT NULL AUTO_INCREMENT, AUTO_INCREMENT=4;

--
-- AUTO_INCREMENT de la tabla `agreements`
--
ALTER TABLE `agreements`
  MODIFY `id` bigint(20) UNSIGNED NOT NULL AUTO_INCREMENT, AUTO_INCREMENT=14;

--
-- AUTO_INCREMENT de la tabla `basic_cores`
--
ALTER TABLE `basic_cores`
  MODIFY `id` bigint(20) UNSIGNED NOT NULL AUTO_INCREMENT, AUTO_INCREMENT=62;

--
-- AUTO_INCREMENT de la tabla `benefits`
--
ALTER TABLE `benefits`
  MODIFY `id` bigint(20) UNSIGNED NOT NULL AUTO_INCREMENT, AUTO_INCREMENT=10;

--
-- AUTO_INCREMENT de la tabla `bonds`
--
ALTER TABLE `bonds`
  MODIFY `id` bigint(20) UNSIGNED NOT NULL AUTO_INCREMENT, AUTO_INCREMENT=10;

--
-- AUTO_INCREMENT de la tabla `campuses`
--
ALTER TABLE `campuses`
  MODIFY `id` bigint(20) UNSIGNED NOT NULL AUTO_INCREMENT, AUTO_INCREMENT=9;

--
-- AUTO_INCREMENT de la tabla `cities`
--
ALTER TABLE `cities`
  MODIFY `id` bigint(20) UNSIGNED NOT NULL AUTO_INCREMENT, AUTO_INCREMENT=1101;

--
-- AUTO_INCREMENT de la tabla `comments`
--
ALTER TABLE `comments`
  MODIFY `id` bigint(20) UNSIGNED NOT NULL AUTO_INCREMENT, AUTO_INCREMENT=12;

--
-- AUTO_INCREMENT de la tabla `convenios`
--
ALTER TABLE `convenios`
  MODIFY `id` bigint(20) UNSIGNED NOT NULL AUTO_INCREMENT;

--
-- AUTO_INCREMENT de la tabla `countries`
--
ALTER TABLE `countries`
  MODIFY `id` bigint(20) UNSIGNED NOT NULL AUTO_INCREMENT, AUTO_INCREMENT=111;

--
-- AUTO_INCREMENT de la tabla `departments`
--
ALTER TABLE `departments`
  MODIFY `id` bigint(20) UNSIGNED NOT NULL AUTO_INCREMENT, AUTO_INCREMENT=106;

--
-- AUTO_INCREMENT de la tabla `economies`
--
ALTER TABLE `economies`
  MODIFY `id` bigint(20) UNSIGNED NOT NULL AUTO_INCREMENT, AUTO_INCREMENT=9;

--
-- AUTO_INCREMENT de la tabla `education_levels`
--
ALTER TABLE `education_levels`
  MODIFY `id` bigint(20) UNSIGNED NOT NULL AUTO_INCREMENT, AUTO_INCREMENT=14;

--
-- AUTO_INCREMENT de la tabla `failed_jobs`
--
ALTER TABLE `failed_jobs`
  MODIFY `id` bigint(20) UNSIGNED NOT NULL AUTO_INCREMENT;

--
-- AUTO_INCREMENT de la tabla `internalizations`
--
ALTER TABLE `internalizations`
  MODIFY `id` bigint(20) UNSIGNED NOT NULL AUTO_INCREMENT, AUTO_INCREMENT=9;

--
-- AUTO_INCREMENT de la tabla `knowledge_areas`
--
ALTER TABLE `knowledge_areas`
  MODIFY `id` bigint(20) UNSIGNED NOT NULL AUTO_INCREMENT, AUTO_INCREMENT=16;

--
-- AUTO_INCREMENT de la tabla `life_styles`
--
ALTER TABLE `life_styles`
  MODIFY `id` bigint(20) UNSIGNED NOT NULL AUTO_INCREMENT, AUTO_INCREMENT=9;

--
-- AUTO_INCREMENT de la tabla `media`
--
ALTER TABLE `media`
  MODIFY `id` bigint(20) UNSIGNED NOT NULL AUTO_INCREMENT, AUTO_INCREMENT=8;

--
-- AUTO_INCREMENT de la tabla `media_types`
--
ALTER TABLE `media_types`
  MODIFY `id` bigint(20) UNSIGNED NOT NULL AUTO_INCREMENT, AUTO_INCREMENT=11;

--
-- AUTO_INCREMENT de la tabla `migrations`
--
ALTER TABLE `migrations`
  MODIFY `id` int(10) UNSIGNED NOT NULL AUTO_INCREMENT, AUTO_INCREMENT=56;

--
-- AUTO_INCREMENT de la tabla `modalities`
--
ALTER TABLE `modalities`
  MODIFY `id` bigint(20) UNSIGNED NOT NULL AUTO_INCREMENT, AUTO_INCREMENT=11;

--
-- AUTO_INCREMENT de la tabla `permissions`
--
ALTER TABLE `permissions`
  MODIFY `id` bigint(20) UNSIGNED NOT NULL AUTO_INCREMENT, AUTO_INCREMENT=156;

--
-- AUTO_INCREMENT de la tabla `personal_access_tokens`
--
ALTER TABLE `personal_access_tokens`
  MODIFY `id` bigint(20) UNSIGNED NOT NULL AUTO_INCREMENT;

--
-- AUTO_INCREMENT de la tabla `prestiges`
--
ALTER TABLE `prestiges`
  MODIFY `id` bigint(20) UNSIGNED NOT NULL AUTO_INCREMENT, AUTO_INCREMENT=9;

--
-- AUTO_INCREMENT de la tabla `rectorias`
--
ALTER TABLE `rectorias`
  MODIFY `id` bigint(20) UNSIGNED NOT NULL AUTO_INCREMENT, AUTO_INCREMENT=15;

--
-- AUTO_INCREMENT de la tabla `requeriments`
--
ALTER TABLE `requeriments`
  MODIFY `id` bigint(20) UNSIGNED NOT NULL AUTO_INCREMENT, AUTO_INCREMENT=9;

--
-- AUTO_INCREMENT de la tabla `roles`
--
ALTER TABLE `roles`
  MODIFY `id` bigint(20) UNSIGNED NOT NULL AUTO_INCREMENT, AUTO_INCREMENT=3;

--
-- AUTO_INCREMENT de la tabla `students`
--
ALTER TABLE `students`
  MODIFY `id` bigint(20) UNSIGNED NOT NULL AUTO_INCREMENT, AUTO_INCREMENT=15;

--
-- AUTO_INCREMENT de la tabla `universities`
--
ALTER TABLE `universities`
  MODIFY `id` bigint(20) UNSIGNED NOT NULL AUTO_INCREMENT, AUTO_INCREMENT=310;

--
-- AUTO_INCREMENT de la tabla `users`
--
ALTER TABLE `users`
  MODIFY `id` bigint(20) UNSIGNED NOT NULL AUTO_INCREMENT, AUTO_INCREMENT=17;

--
-- AUTO_INCREMENT de la tabla `wellnesses`
--
ALTER TABLE `wellnesses`
  MODIFY `id` bigint(20) UNSIGNED NOT NULL AUTO_INCREMENT, AUTO_INCREMENT=9;

--
-- AUTO_INCREMENT de la tabla `zones`
--
ALTER TABLE `zones`
  MODIFY `id` bigint(20) UNSIGNED NOT NULL AUTO_INCREMENT, AUTO_INCREMENT=4;

--
-- Restricciones para tablas volcadas
--

--
-- Filtros para la tabla `academic_programs`
--
ALTER TABLE `academic_programs`
  ADD CONSTRAINT `academic_programs_academic_level_id_foreign` FOREIGN KEY (`academic_level_id`) REFERENCES `academic_levels` (`id`) ON DELETE CASCADE ON UPDATE CASCADE,
  ADD CONSTRAINT `academic_programs_basic_core_id_foreign` FOREIGN KEY (`basic_core_id`) REFERENCES `basic_cores` (`id`) ON DELETE CASCADE ON UPDATE CASCADE,
  ADD CONSTRAINT `academic_programs_education_level_id_foreign` FOREIGN KEY (`education_level_id`) REFERENCES `education_levels` (`id`) ON DELETE CASCADE ON UPDATE CASCADE,
  ADD CONSTRAINT `academic_programs_modality_id_foreign` FOREIGN KEY (`modality_id`) REFERENCES `modalities` (`id`) ON DELETE CASCADE ON UPDATE CASCADE,
  ADD CONSTRAINT `academic_programs_university_id_foreign` FOREIGN KEY (`university_id`) REFERENCES `universities` (`id`) ON DELETE CASCADE ON UPDATE CASCADE;

--
-- Filtros para la tabla `academies`
--
ALTER TABLE `academies`
  ADD CONSTRAINT `academies_academic_program_id_foreign` FOREIGN KEY (`academic_program_id`) REFERENCES `academic_programs` (`id`) ON DELETE CASCADE ON UPDATE CASCADE;

--
-- Filtros para la tabla `agreements`
--
ALTER TABLE `agreements`
  ADD CONSTRAINT `agreements_university_id_foreign` FOREIGN KEY (`university_id`) REFERENCES `universities` (`id`) ON DELETE CASCADE ON UPDATE CASCADE;

--
-- Filtros para la tabla `basic_cores`
--
ALTER TABLE `basic_cores`
  ADD CONSTRAINT `basic_cores_knowledge_area_id_foreign` FOREIGN KEY (`knowledge_area_id`) REFERENCES `knowledge_areas` (`id`) ON DELETE CASCADE ON UPDATE CASCADE;

--
-- Filtros para la tabla `bonds`
--
ALTER TABLE `bonds`
  ADD CONSTRAINT `bonds_academic_program_id_foreign` FOREIGN KEY (`academic_program_id`) REFERENCES `academic_programs` (`id`) ON DELETE CASCADE ON UPDATE CASCADE;

--
-- Filtros para la tabla `campuses`
--
ALTER TABLE `campuses`
  ADD CONSTRAINT `campuses_academic_program_id_foreign` FOREIGN KEY (`academic_program_id`) REFERENCES `academic_programs` (`id`) ON DELETE CASCADE ON UPDATE CASCADE;

--
-- Filtros para la tabla `cities`
--
ALTER TABLE `cities`
  ADD CONSTRAINT `cities_department_id_foreign` FOREIGN KEY (`department_id`) REFERENCES `departments` (`id`) ON DELETE CASCADE ON UPDATE CASCADE;

--
-- Filtros para la tabla `comments`
--
ALTER TABLE `comments`
  ADD CONSTRAINT `comments_student_id_foreign` FOREIGN KEY (`student_id`) REFERENCES `students` (`id`) ON DELETE CASCADE ON UPDATE CASCADE;

--
-- Filtros para la tabla `convenios`
--
ALTER TABLE `convenios`
  ADD CONSTRAINT `convenios_university_id_foreign` FOREIGN KEY (`university_id`) REFERENCES `universities` (`id`) ON DELETE CASCADE ON UPDATE CASCADE;

--
-- Filtros para la tabla `departments`
--
ALTER TABLE `departments`
  ADD CONSTRAINT `departments_country_id_foreign` FOREIGN KEY (`country_id`) REFERENCES `countries` (`id`) ON DELETE CASCADE ON UPDATE CASCADE;

--
-- Filtros para la tabla `economies`
--
ALTER TABLE `economies`
  ADD CONSTRAINT `economies_academic_program_id_foreign` FOREIGN KEY (`academic_program_id`) REFERENCES `academic_programs` (`id`) ON DELETE CASCADE ON UPDATE CASCADE;

--
-- Filtros para la tabla `internalizations`
--
ALTER TABLE `internalizations`
  ADD CONSTRAINT `internalizations_academic_program_id_foreign` FOREIGN KEY (`academic_program_id`) REFERENCES `academic_programs` (`id`) ON DELETE CASCADE ON UPDATE CASCADE;

--
-- Filtros para la tabla `life_styles`
--
ALTER TABLE `life_styles`
  ADD CONSTRAINT `life_styles_academic_program_id_foreign` FOREIGN KEY (`academic_program_id`) REFERENCES `academic_programs` (`id`) ON DELETE CASCADE ON UPDATE CASCADE;

--
-- Filtros para la tabla `media`
--
ALTER TABLE `media`
  ADD CONSTRAINT `media_media_type_id_foreign` FOREIGN KEY (`media_type_id`) REFERENCES `media_types` (`id`) ON DELETE CASCADE ON UPDATE CASCADE,
  ADD CONSTRAINT `media_university_id_foreign` FOREIGN KEY (`university_id`) REFERENCES `universities` (`id`) ON DELETE CASCADE ON UPDATE CASCADE;

--
-- Filtros para la tabla `model_has_permissions`
--
ALTER TABLE `model_has_permissions`
  ADD CONSTRAINT `model_has_permissions_permission_id_foreign` FOREIGN KEY (`permission_id`) REFERENCES `permissions` (`id`) ON DELETE CASCADE;

--
-- Filtros para la tabla `model_has_roles`
--
ALTER TABLE `model_has_roles`
  ADD CONSTRAINT `model_has_roles_role_id_foreign` FOREIGN KEY (`role_id`) REFERENCES `roles` (`id`) ON DELETE CASCADE;

--
-- Filtros para la tabla `prestiges`
--
ALTER TABLE `prestiges`
  ADD CONSTRAINT `prestiges_academic_program_id_foreign` FOREIGN KEY (`academic_program_id`) REFERENCES `academic_programs` (`id`) ON DELETE CASCADE ON UPDATE CASCADE;

--
-- Filtros para la tabla `rectorias`
--
ALTER TABLE `rectorias`
  ADD CONSTRAINT `rectorias_university_id_foreign` FOREIGN KEY (`university_id`) REFERENCES `universities` (`id`) ON DELETE CASCADE ON UPDATE CASCADE;

--
-- Filtros para la tabla `role_has_permissions`
--
ALTER TABLE `role_has_permissions`
  ADD CONSTRAINT `role_has_permissions_permission_id_foreign` FOREIGN KEY (`permission_id`) REFERENCES `permissions` (`id`) ON DELETE CASCADE,
  ADD CONSTRAINT `role_has_permissions_role_id_foreign` FOREIGN KEY (`role_id`) REFERENCES `roles` (`id`) ON DELETE CASCADE;

--
-- Filtros para la tabla `students`
--
ALTER TABLE `students`
  ADD CONSTRAINT `students_academic_program_id_foreign` FOREIGN KEY (`academic_program_id`) REFERENCES `academic_programs` (`id`) ON DELETE CASCADE ON UPDATE CASCADE,
  ADD CONSTRAINT `students_user_id_foreign` FOREIGN KEY (`user_id`) REFERENCES `users` (`id`) ON DELETE CASCADE ON UPDATE CASCADE;

--
-- Filtros para la tabla `universities`
--
ALTER TABLE `universities`
  ADD CONSTRAINT `universities_city_id_foreign` FOREIGN KEY (`city_id`) REFERENCES `cities` (`id`) ON DELETE CASCADE ON UPDATE CASCADE;

--
-- Filtros para la tabla `wellnesses`
--
ALTER TABLE `wellnesses`
  ADD CONSTRAINT `wellnesses_academic_program_id_foreign` FOREIGN KEY (`academic_program_id`) REFERENCES `academic_programs` (`id`) ON DELETE CASCADE ON UPDATE CASCADE;

--
-- Filtros para la tabla `zones`
--
ALTER TABLE `zones`
  ADD CONSTRAINT `zones_academic_program_id_foreign` FOREIGN KEY (`academic_program_id`) REFERENCES `academic_programs` (`id`) ON DELETE CASCADE ON UPDATE CASCADE;
COMMIT;

/*!40101 SET CHARACTER_SET_CLIENT=@OLD_CHARACTER_SET_CLIENT */;
/*!40101 SET CHARACTER_SET_RESULTS=@OLD_CHARACTER_SET_RESULTS */;
/*!40101 SET COLLATION_CONNECTION=@OLD_COLLATION_CONNECTION */;
